day,case,slot,da_authorized_nodeh,actual_available_nodeh,executed_original_rack_nodeh,executed_same_site_recourse_nodeh,executed_cross_site_recourse_nodeh,source_unavailable_nodeh,true_rack_capacity_limit_nodeh,grid_safety_blocked_nodeh,other_explicit_nodeh,terminal_backlog_nodeh,executed_total_nodeh,authorization_identity_error_nodeh,planning_Vmin_pu,planning_Vmax_pu,planning_rho_max,planning_transformer_kva_loading_max,planning_voltage_violation,planning_current_violation,planning_transformer_violation
2025-04-04,B1,0,2.8426966292134828,1.8653265814732736,0.021962777440153958,0.0,1.843363704033119,0.9773700477402092,0.0,1.0000000028043132e-07,0.0,76.13356240741561,1.8653264814732728,4.440892098500626e-16,0.9823887278115865,1.03739256388815,0.5138262064569911,0.46479818102374776,False,False,False
2025-04-04,B1,1,5.067415730337078,2.417464417612732,0.16371301014982176,0.1794572457802655,1.8916213107365798,2.6499513127243466,0.1826727509460646,1.0000000028043132e-07,0.0,76.10321528519339,2.234791566666667,0.0,0.988443088806481,1.0453442129764405,0.5181422571589496,0.4636314018566846,False,False,False
2025-04-04,B1,2,3.6817210511856744,0.8765535333436478,3.566361691976438e-05,0.0,0.8765177697267285,2.8051675178420266,0.0,9.999999983634211e-08,0.0,75.33943962962752,0.8765534333436482,0.0,0.9893910664262644,1.0466518463231678,0.5026231768864798,0.4534407549284129,False,False,False
2025-04-04,B1,3,1.8273510845486993,0.3287197284158686,3.5274109540915375e-05,0.0,0.32868435430632764,1.4986313561328308,0.0,1.0000000000287557e-07,0.0,75.01822000121165,0.32871962841586855,-2.220446049250313e-16,0.9890718953033615,1.045938241315523,0.503027956908323,0.4576774379522823,False,False,False
2025-04-04,B1,4,1.8162308859024727,1.5687292182888957,0.2873332887304625,0.045333169862962486,1.236062659695469,0.24750166761357706,0.0,1.0000000227883277e-07,0.0,73.45699088292274,1.5687291182888938,-4.440892098500626e-16,0.9893844152779947,1.0466108297074288,0.49602476189668016,0.4562983148120586,False,False,False
2025-04-04,B1,5,2.485912607143818,2.254671350615326,0.3294700077490889,0.03379076004117354,1.891410482825064,0.2312412565284916,0.0,1.0000000028043132e-07,0.0,71.20231963230741,2.2546712506153264,-4.440892098500626e-16,0.9888097346957682,1.0457416851433678,0.4984569090890362,0.44981583141453235,False,False,False
2025-04-04,B1,6,2.0254353300045693,1.253988512960503,0.05375872418974226,0.11103797756759004,1.089191711203171,0.7714468170440663,2.220446049250313e-16,9.999999961429751e-08,0.0,69.9483312193469,1.2539884129605032,0.0,0.9895356017643582,1.046775715506347,0.48671260549447903,0.4407450433692483,False,False,False
2025-04-04,B1,7,2.191296480094941,1.9912385242463055,0.38717150179470916,0.03889877494270244,1.5651681475088868,0.2000579558486355,0.0,1.0000000716381408e-07,0.0,67.95709279510059,1.9912384242462984,0.0,0.9888223441528052,1.0458252324357042,0.4880809396156973,0.436119447556065,False,False,False
2025-04-04,B1,8,2.0444615220690254,1.0239646294197344,0.04612086171176731,0.14059037981094197,0.8372532878970251,1.020496892649291,0.0,9.999999983634211e-08,0.0,67.40979493234754,1.0239645294197344,4.440892098500626e-16,0.9894227621673348,1.0465251302401515,0.4797851333399352,0.4431203298161111,False,False,False
2025-04-04,B1,9,2.8020377734562567,1.5576404258478647,0.04597086686843669,0.16371757803682496,1.347951880942603,1.244397347608392,0.0,9.999999983634211e-08,0.0,65.85215460649967,1.5576403258478646,4.440892098500626e-16,0.9888786163222701,1.0457562978652755,0.4824093309466062,0.43548489022142184,False,False,False
2025-04-04,B1,10,2.3186348158046273,1.9744005538016034,0.1968908523872967,0.050552747454006286,1.7269568539603009,0.34423426200302387,4.440892098500626e-16,9.99999991702083e-08,0.0,63.87775415269806,1.9744004538016038,4.440892098500626e-16,0.9888425512700459,1.0459069919395694,0.48117172675041286,0.43413152591661297,False,False,False
2025-04-04,B1,11,2.5878267060542344,2.1845435103819,0.18944864479701715,0.052819914674283874,1.9422748509105994,0.4032831956723344,0.0,9.999999983634211e-08,0.0,61.693210742316154,2.1845434103819006,-4.440892098500626e-16,0.989182184643643,1.0465646842757528,0.47986438409215304,0.43934781286744407,False,False,False
2025-04-04,B1,12,2.2647417573206106,2.173970815145519,0.25533481253926116,0.0,1.918635902606257,0.09077094217509174,4.440892098500626e-16,9.999999983634211e-08,0.0,59.539240027170635,2.173970715145518,4.440892098500626e-16,0.9890215884868172,1.046340552901793,0.48275876646739424,0.43965460039485027,False,False,False
2025-04-04,B1,13,1.915018114839117,1.5232508772627666,0.13695762942129736,0.11947699282941304,1.2668161550120562,0.39176723757635035,0.0,1.0000000005838672e-07,0.0,58.01598924990787,1.5232507772627666,0.0,0.9886911485063129,1.0455759397710414,0.48270690941485483,0.43563399037154743,False,False,False
2025-04-04,B1,14,2.0002937456262027,1.4184398604366162,0.09711223440433756,0.1700426474297941,1.1512848786024852,0.5818538851895865,0.0,9.99999993922529e-08,0.0,56.6044939339157,1.4184397604366168,0.0,0.9884122137207064,1.0450963754879483,0.48749342012238017,0.44038307322772624,False,False,False
2025-04-04,B1,15,5.067415730337078,4.874649932848527,0.6232309694238471,0.024645383052224246,3.5712207697461524,0.19276579748855127,0.6555527106263055,9.999999850407448e-08,0.0,60.30678570058237,4.219097122222224,-8.881784197001252e-16,0.9879650436722727,1.0446794820325416,0.49209997000563377,0.44857446431448006,False,False,False
2025-04-04,B1,16,2.54260285793017,1.862654422300784,0.21615325081375195,0.07084365566641476,1.5756574158206178,0.6799484356293861,0.0,1.0000000028043132e-07,0.0,58.44413137828159,1.8626543223007845,-8.881784197001252e-16,0.9876602141200918,1.0438367590047062,0.49922512114635037,0.458449028303229,False,False,False
2025-04-04,B1,17,2.056002882249391,1.6764083735712976,0.18746330939665057,0.04920979797907238,1.4397351661955746,0.37959450867809363,2.220446049250313e-16,9.999999983634211e-08,0.0,56.76772310471029,1.6764082735712975,4.440892098500626e-16,0.9880427727965009,1.0444925563391037,0.4974924469018438,0.4532105736559187,False,False,False
2025-04-04,B1,18,2.0283454428542296,1.7398989200838344,0.1577666895997474,0.07347513123908844,1.5086569992449985,0.2884465227703952,0.0,9.999999983634211e-08,0.0,55.027824284626455,1.7398988200838343,4.440892098500626e-16,0.9870032703505608,1.0428893899020173,0.5147192803456524,0.4634492389692821,False,False,False
2025-04-04,B1,19,1.6647313834841204,1.1687868327646362,0.12116406225722338,0.10569613640668768,0.941926534100725,0.4959445507194842,0.0,1.0000000028043132e-07,0.0,53.85903755186182,1.168786732764636,0.0,0.9873463207347561,1.0435823750114719,0.511757174805283,0.4739286277896384,False,False,False
2025-04-04,B1,20,1.7222064697849808,1.1330262697740685,0.12967744782086935,0.11125043513232538,0.8920982868208736,0.5891802000109123,0.0,1.0000000028043132e-07,0.0,56.89934471542108,1.1330261697740682,0.0,0.9855230898819439,1.040805730447241,0.5423854975884264,0.4964625376565348,False,False,False
2025-04-04,B1,21,1.8720921722229575,1.2068904491699446,0.1554639125592812,0.1152533441936306,0.9361730924170328,0.665201723053013,0.0,1.0000000028043132e-07,0.0,73.95245436625115,1.2068903491699445,-2.220446049250313e-16,0.9857068552261137,1.0409753780722892,0.5400728324281994,0.4995842963520631,False,False,False
2025-04-04,B1,22,1.4382901306789653,0.9140431283689429,0.0982242499369508,0.202946490241812,0.6128722881901801,0.5242470023100224,0.0,9.999999994736442e-08,0.0,73.03841133788221,0.9140430283689429,0.0,0.9835857207549582,1.0390498672607957,0.5757618423694453,0.5316617642567434,False,False,False
2025-04-04,B1,23,1.1310083204365515,1.010752382084219,3.237379107216106e-05,0.0,1.0107199082931468,0.1202559383523325,0.0,1.0000000005838672e-07,0.0,72.027659055798,1.010752282084219,0.0,0.9818983371895172,1.0368842764529802,0.5776238316723872,0.5357142082841999,False,False,False
2025-04-04,B1,24,2.0251713513063225,1.9128414105573066,0.341272802071223,0.0,1.5715685084860833,0.11232994074901592,4.440892098500626e-16,9.999999983634211e-08,0.0,70.11481774524069,1.9128413105573063,0.0,0.9852182401193794,1.0444710709992382,0.6248871311171748,0.5699012607104178,False,False,False
2025-04-04,B1,25,2.082411632442994,1.892294494846024,0.28132348590167766,0.0738536395539598,1.5371172693903865,0.1901171375969699,0.0,1.0000000028043132e-07,0.0,68.22252335039467,1.892294394846024,-4.440892098500626e-16,0.9844582677230227,1.0435209529461282,0.6258418626668074,0.5810976447506426,False,False,False
2025-04-04,B1,26,1.9561412419811086,1.5845064048163016,0.2611646823396107,0.0,1.3233416224766905,0.37163483716480705,0.0,1.0000000028043132e-07,0.0,74.73496149002281,1.5845063048163013,0.0,0.9822518936707455,1.0410794834660877,0.6514670876484583,0.6021892520346546,False,False,False
2025-04-04,B1,27,1.5510613311623542,0.9474771448251873,0.20387640449438216,0.0,0.7436006403308052,0.6035841863371669,0.0,9.999999994736442e-08,0.0,73.78748444519762,0.9474770448251874,0.0,0.9797956865936458,1.0382409361272695,0.6566120888471595,0.6098813321171745,False,False,False
2025-04-04,B1,28,2.329613639652119,1.6887613110848256,0.17721304748779676,0.05808035540498696,1.4534678081920418,0.6408523285672934,2.220446049250313e-16,1.0000000028043132e-07,0.0,72.0987232341128,1.6887612110848256,0.0,0.9795715595856543,1.0379907239054207,0.6586119061038995,0.5944246814184445,False,False,False
2025-04-04,B1,29,0.8792762326407764,0.87886363967611,0.14387640449438188,0.0,0.7349871351817282,0.0004125929646663362,0.0,9.999999994736442e-08,0.0,72.3184708055478,0.8788635396761101,0.0,0.9783639441370774,1.036488130936731,0.6590237942335159,0.5895988535716663,False,False,False
2025-04-04,B1,30,1.870689555191541,1.6179515656899888,0.22767139960745192,0.04522413032240072,1.3450559357601364,0.25273798950155224,0.0,1.0000000028043132e-07,0.0,70.70051933985782,1.617951465689989,-4.440892098500626e-16,0.9795535637238517,1.037797892972958,0.6413817211369686,0.5866152189384263,False,False,False
2025-04-04,B1,31,1.8493570712006178,0.9204162245938299,0.017915828748635856,0.07233399153680947,0.8301663043083845,0.9289408466067879,1.1102230246251565e-16,9.999999994736442e-08,0.0,70.25426988193065,0.9204161245938298,0.0,0.9786055785971689,1.0364391089526093,0.642183347376968,0.5773098679988258,False,False,False
2025-04-04,B1,32,1.921821423464281,1.455550957515435,0.13607467063022,0.06224981959033742,1.0932031875572192,0.4662704659488459,0.16402317973765834,1.0000000028043132e-07,0.0,71.35301998193066,1.2915276777777767,-2.220446049250313e-16,0.9799282982594999,1.0379022930482438,0.6224186455753165,0.5634242052986316,False,False,False
2025-04-04,B1,33,1.897536481945874,0.9008684273682109,0.004663526942720926,0.0,0.8962048004254899,0.996668054577663,2.220446049250313e-16,1.0000000005838672e-07,0.0,73.31326276567354,0.9008683273682108,0.0,0.9792484369824961,1.038192715115723,0.6247815751049014,0.5612417164332153,False,False,False
2025-04-04,B1,34,2.1601025737317467,1.5181569103877728,0.19652517998802282,0.08309976799366633,1.2385318624060833,0.641945663343974,4.440892098500626e-16,1.0000000005838672e-07,0.0,71.79510595528576,1.5181568103877723,0.0,0.9816475114404231,1.0396689008640196,0.5935900263699152,0.5553300202377516,False,False,False
2025-04-04,B1,35,2.065557760195887,1.4395941364553342,0.12829962479485463,0.08372067570542224,1.2275737359550565,0.625963623740553,0.0,1.0000000072452053e-07,0.0,70.89634525216377,1.4395940364553335,0.0,0.9808696719469082,1.0388084893345357,0.593513794845131,0.5318020864927258,False,False,False
2025-04-04,B1,36,2.351775709234448,2.0033637389872054,0.30766379003862326,0.05350688203794804,1.6421929669106343,0.3484119702472426,0.0,9.999999983634211e-08,0.0,68.89298161317656,2.0033636389872056,0.0,0.9828153675311063,1.041676214697107,0.560516925003804,0.5218195559228065,False,False,False
2025-04-04,B1,37,1.8144949375743613,1.6399548625942442,0.19651851017884925,0.02091542656688583,1.1985381854764916,0.17454007498011714,0.22398264037201732,1.0000000028043132e-07,0.0,70.32700949095434,1.4159721222222266,0.0,0.9826328302816141,1.042200140326307,0.5606004576302104,0.5076208897655147,False,False,False
2025-04-04,B1,38,1.674236246868122,1.4256721026006,0.15582051058997812,0.04922013084607124,1.2206313611645507,0.24856414426752194,0.0,9.999999983634211e-08,0.0,68.90133748835375,1.4256720026006,2.220446049250313e-16,0.9842739287681227,1.0444598810957146,0.5335551109503655,0.4926111282350006,False,False,False
2025-04-04,B1,39,1.6671242593394728,1.5060949798566894,0.1834646325995881,0.0,1.3226302472571008,0.16102927948278345,2.220446049250313e-16,1.0000000028043132e-07,0.0,67.39524260849706,1.5060948798566889,0.0,0.9841920360487993,1.0450793617568064,0.533742494245158,0.48516406843811016,False,False,False
2025-04-04,B1,40,1.6295930244118164,1.3913653933233576,0.137027514715347,0.03721995812365497,1.217117820484356,0.2382276310884588,0.0,9.999999961429751e-08,0.0,66.0038773151737,1.391365293323358,0.0,0.9846371935883985,1.0456767835341938,0.5248467425638981,0.467281851852487,False,False,False
2025-04-04,B1,41,1.4473676936750035,0.9012832127546917,0.08086423288558546,0.08566082820665172,0.7347580516624542,0.5460844809203118,2.220446049250313e-16,9.999999994736442e-08,0.0,65.10259420241901,0.9012831127546914,0.0,0.9842669270956688,1.0452349888879824,0.5282241007782302,0.4675914250481339,False,False,False
2025-04-04,B1,42,1.3340915949290728,1.24974486442835,0.2222697475345648,0.0,1.027475016893785,0.08434673050072283,2.220446049250313e-16,1.0000000005838672e-07,0.0,63.85284943799066,1.2497447644283497,0.0,0.9849010197232889,1.0460549122704241,0.5174673423766325,0.45532717281609264,False,False,False
2025-04-04,B1,43,1.402701663905016,0.7848835181772789,0.019993733818490622,0.0,0.7648896843587881,0.6178181457277372,1.1102230246251565e-16,9.999999994736442e-08,0.0,63.06796601981338,0.7848834181772788,2.220446049250313e-16,0.9845264454585541,1.0454408357264076,0.5193421794123713,0.4535790922859508,False,False,False
2025-04-04,B1,44,1.3175465273413307,0.9586900852448815,0.16587785385582637,0.05285390935027562,0.7399582220387796,0.3588564420964492,0.0,9.999999983634211e-08,0.0,62.109276034568495,0.9586899852448816,0.0,0.9849889579185331,1.0462226835325175,0.5114715642768988,0.45667781522561407,False,False,False
2025-04-04,B1,45,1.4975977361875077,0.6864646846274186,0.00743741186406306,0.2151805356385291,0.4638466371248265,0.8111330515600891,0.0,9.999999994736442e-08,0.0,61.42281144994107,0.6864645846274187,0.0,0.9849443365570821,1.046266749338844,0.5110751897134875,0.45148098577371504,False,False,False
2025-04-04,B1,46,1.4928381485445268,1.2727808560090246,0.2028843750635296,0.05150156912699183,1.0183948118185036,0.2200572925355022,0.0,1.0000000005838672e-07,0.0,60.150030693932045,1.272780756009025,-4.440892098500626e-16,0.9858410663631618,1.0475995550544965,0.49754473130373716,0.45163567013334016,False,False,False
2025-04-04,B1,47,1.347120035425693,1.0202550096720395,0.2617927489748197,0.0,0.7584621606972197,0.3268650257536534,0.0,1.0000000028043132e-07,0.0,59.12977578426001,1.0202549096720395,-2.220446049250313e-16,0.985948563786423,1.0477398959080795,0.49657696221396175,0.4493371489928254,False,False,False
2025-04-04,B1,48,1.3169803860010092,1.1729443256711822,0.2946595393709891,0.0,0.878284686300193,0.14403606032982696,0.0,1.0000000005838672e-07,0.0,57.95683155858883,1.172944225671182,2.220446049250313e-16,0.9868158300942269,1.0426604179552295,0.4823762203854079,0.44566682140135544,False,False,False
2025-04-04,B1,49,1.3505740478063646,1.3505740478063646,0.2924862764838447,0.0,1.0580876713225198,0.0,0.0,1.0000000028043132e-07,0.0,56.606257610782464,1.3505739478063645,-2.220446049250313e-16,0.9868668828610404,1.042412495531731,0.48324117974160885,0.4369645730700892,False,False,False
2025-04-04,B1,50,1.4054854095737865,1.2793386304151535,0.2956090084015862,0.0,0.983729522013567,0.12614677915863304,0.0,1.0000000028043132e-07,0.0,55.32691908036731,1.2793385304151532,0.0,0.9872994993975637,1.043063866513715,0.4773122941262732,0.43009924212190226,False,False,False
2025-04-04,B1,51,1.3309739041379007,1.297220177752068,0.2915463466649587,0.0,1.0056737310871093,0.03375372638583274,0.0,1.0000000005838672e-07,0.0,54.029699002615246,1.2972200777520682,-2.220446049250313e-16,0.9869666543783111,1.0425185841819322,0.47932480901274976,0.42265086335975455,False,False,False
2025-04-04,B1,52,1.3576782084962074,1.3232472563737678,0.2587466826476655,0.03984414132237192,1.0246563324037306,0.03443095212243952,0.0,9.999999983634211e-08,0.0,52.70645184624148,1.323247156373768,0.0,0.9873559845351914,1.0430740770597573,0.4744599521658811,0.41981288879056416,False,False,False
2025-04-04,B1,53,1.453585682282223,1.3918658313840016,0.3157308232369413,0.0,1.07613490814706,0.06171985089822152,0.0,1.0000000028043132e-07,0.0,51.31458611485748,1.3918657313840013,0.0,0.9870357214574972,1.0423958924782366,0.47775546421328263,0.42345038129366325,False,False,False
2025-04-04,B1,54,1.5656268797942725,1.2665559435138216,0.24017551160071496,0.06177559670727811,0.9646047352058286,0.2990709362804509,0.0,9.999999983634211e-08,0.0,50.048030271343656,1.2665558435138218,0.0,0.9872346578886877,1.0426512652313997,0.47629904688045505,0.4329553876422513,False,False,False
2025-04-04,B1,55,1.4369360673173825,1.3604100827968066,0.3000216301403933,0.0,1.060388352656413,0.07652598452057591,2.220446049250313e-16,1.0000000005838672e-07,0.0,48.68762028854685,1.3604099827968064,0.0,0.9873815918506534,1.043113717187099,0.4738359882484831,0.42612616780003476,False,False,False
2025-04-04,B1,56,3.2043832404175987,3.1231195320938347,0.4197226784573612,0.0,2.7033967536364747,0.08126370832376395,0.0,9.999999983634211e-08,0.0,46.22561196756413,3.123119432093836,-8.881784197001252e-16,0.9865486745791215,1.0423900078462185,0.48487003710953114,0.42835551903950786,False,False,False
2025-04-04,B1,57,1.497056625134769,1.497056625134769,0.36111412918413377,0.0,1.1359423959506345,0.0,4.440892098500626e-16,1.0000000028043132e-07,0.0,46.27883322020714,1.4970565251347683,0.0,0.9876338611181664,1.0433383936116465,0.4793867848054592,0.4418567670024145,False,False,False
2025-04-04,B1,58,1.4358742261859958,1.2121096498466661,0.3137923390051396,0.08676670853424062,0.8115505023072859,0.22376457633932967,0.0,1.0000000028043132e-07,0.0,45.066723670360474,1.212109549846666,-2.220446049250313e-16,0.9868429652008951,1.0426241455964216,0.49377118082940985,0.44794265475955547,False,False,False
2025-04-04,B1,59,1.3856824482187668,1.3301442390725224,0.3498830993457253,0.0,0.9802610397267975,0.05553820914624441,0.0,9.999999961429751e-08,0.0,43.73657953128795,1.3301441390725228,0.0,0.9877854415763745,1.044106787896005,0.4895260424129698,0.44673276429376413,False,False,False
2025-04-04,B1,60,1.4039233308812054,1.3604299927933612,0.32142933070475144,0.0,1.0390005620886096,0.04349333808784417,0.0,1.0000000050247593e-07,0.0,42.37614963849458,1.360429892793361,-2.220446049250313e-16,0.9867267442206816,1.0432164317433459,0.5081036782882393,0.4589956356538083,False,False,False
2025-04-04,B1,61,1.4316346884992548,1.3031409285101563,0.31784026114145525,0.0,0.9853005673687012,0.1284937599890985,0.0,9.999999983634211e-08,0.0,41.07300880998443,1.3031408285101564,0.0,0.9878701044112036,1.0447605732784573,0.502905613036057,0.4680490734542619,False,False,False
2025-04-04,B1,62,1.4670093909574193,0.3020263943697939,5.571999475961185e-05,0.0,0.3019705743750343,1.1649829965876255,0.0,1.0000000000287557e-07,0.0,40.770982515614634,0.3020262943697939,-2.220446049250313e-16,0.9863312582275331,1.043410553698788,0.5293859812338597,0.46755792260271833,False,False,False
2025-04-04,B1,63,1.8776965020829173,0.7503155419008372,0.17692613503912777,0.1389049669610019,0.43448433990070756,1.1273809601820801,0.0,9.999999983634211e-08,0.0,40.020667073713796,0.7503154419008372,0.0,0.9877169363397638,1.0459069330761308,0.5260387137287235,0.49293193891288023,False,False,False
2025-04-04,B1,64,1.4954867433578176,0.8110451177088012,0.1304915541218,0.14413810024218798,0.5364153633448134,0.6844416256490164,0.0,9.999999972531981e-08,0.0,39.20962205600499,0.8110450177088014,0.0,0.9859583705961414,1.0444820653301843,0.5568310142049674,0.4947789138466285,False,False,False
2025-04-04,B1,65,1.5568147924717954,1.4639088937934632,0.29455317962467714,0.0,1.169355614168786,0.09290589867833221,0.0,1.0000000005838672e-07,0.0,37.74571326221153,1.4639087937934632,0.0,0.9874457798928017,1.04719091869388,0.5555314335349396,0.49900574627630734,False,False,False
2025-04-04,B1,66,1.520384336423538,1.3815783897102027,0.2870822799615801,0.07536558543022098,1.0191304243184018,0.13880594671333535,0.0,1.0000000005838672e-07,0.0,36.36413497250133,1.381578289710203,-2.220446049250313e-16,0.9860142472725434,1.0460204010161012,0.582211326690422,0.5165587797887521,False,False,False
2025-04-04,B1,67,1.5294591211950541,1.3105147288674197,0.22534585815473457,0.10901273912328402,0.9761560315894012,0.2189443923276344,0.0,9.999999983634211e-08,0.0,35.05362034363391,1.3105146288674199,0.0,0.9878939426587374,1.0424394304317972,0.5801971061466218,0.5281775577663166,False,False,False
2025-04-04,B1,68,1.6287330053165305,1.1206656052467214,0.20443355593746207,0.09889488169163207,0.8173370676176271,0.5080674000698091,0.0,1.0000000005838672e-07,0.0,33.93295483838719,1.1206655052467211,2.220446049250313e-16,0.9868425126134182,1.0414420823121977,0.6006332065467012,0.5316153994395878,False,False,False
2025-04-04,B1,69,1.493895704956782,1.3994455046098742,0.28277638528306576,0.0,1.116669019326808,0.09445020034690788,2.220446049250313e-16,1.0000000005838672e-07,0.0,32.53350943377731,1.3994454046098739,0.0,0.9878778861385809,1.0430675924635533,0.6003685052484654,0.5513685804049561,False,False,False
2025-04-04,B1,70,1.4897961807197986,1.449988786187017,0.28036986131871827,0.0,1.1696188248682993,0.03980739453278148,0.0,1.0000000005838672e-07,0.0,31.0835207475903,1.4499886861870175,-4.440892098500626e-16,0.987042666361964,1.0425010682357845,0.6161981676120752,0.5575464052440773,False,False,False
2025-04-04,B1,71,1.4939417963408637,1.4939417963408637,0.2874703591681519,0.0,1.2064713371727118,0.0,0.0,9.999999983634211e-08,0.0,29.589579051249437,1.4939416963408636,2.220446049250313e-16,0.9872400711762535,1.043151858197716,0.6156151241948434,0.5624439491720145,False,False,False
2025-04-04,B1,72,1.5103676005414013,1.0599455970233178,0.19468444894532333,0.09417789625653794,0.7710831518214565,0.4504220035180835,0.0,1.0000000005838672e-07,0.0,28.529633554226116,1.0599454970233178,0.0,0.9863523396326161,1.0426803200977992,0.6263933367825867,0.5593612972308812,False,False,False
2025-04-04,B1,73,1.7798171102490277,1.5869131301161992,0.2170146807762842,0.0711268222483264,1.2987715270915885,0.1929039801328285,2.220446049250313e-16,1.0000000005838672e-07,0.0,26.942720524109916,1.586913030116199,-2.220446049250313e-16,0.9867428538204429,1.0433538721806166,0.6276123794305988,0.5742177355594953,False,False,False
2025-04-04,B1,74,1.771007015191056,1.655111940135788,0.283275638638279,0.0,1.3718362014975085,0.11589507505526786,0.0,1.0000000028043132e-07,0.0,25.28760868397413,1.6551118401357874,4.440892098500626e-16,0.9866138340151578,1.043275549119987,0.6294283370879888,0.5667846577279311,False,False,False
2025-04-04,B1,75,1.7710270171124498,1.5999616613583716,0.26401239855284103,0.0,1.3359491628055313,0.17106535575407822,0.0,9.999999983634211e-08,0.0,23.687647122615758,1.5999615613583724,-6.661338147750939e-16,0.9871018337794528,1.0437585933947846,0.6292985350273232,0.5635992316939001,False,False,False
2025-04-04,B1,76,1.7771128191087187,1.7771128191087187,0.2621585676560458,0.0,1.5149541514526723,0.0,2.220446049250313e-16,1.0000000005838672e-07,0.0,21.91053440350704,1.7771127191087182,2.220446049250313e-16,0.98770944368931,1.0440932676573187,0.6219635383225329,0.5651394325882932,False,False,False
2025-04-04,B1,77,1.7742316727792475,1.5202477185421641,0.1769025620483708,0.0855743590681266,1.2577706974256668,0.2539839542370834,0.0,1.0000000005838672e-07,0.0,20.39028678496487,1.5202476185421643,-2.220446049250313e-16,0.9877515841504385,1.0444073692944098,0.6213686378436204,0.5585084133692497,False,False,False
2025-04-04,B1,78,1.7710461493850873,1.71772577524103,0.26140967499219403,0.0,1.456316000248836,0.053320374144057325,2.220446049250313e-16,1.0000000005838672e-07,0.0,18.672561109723844,1.71772567524103,-2.220446049250313e-16,0.9886395057748223,1.0448935850919243,0.6107883666771681,0.552736003157617,False,False,False
2025-04-04,B1,79,1.7710070151910557,1.6716321682412258,0.2641907273307588,0.0,1.4074413409104676,0.0993748469498299,0.0,1.0000000005838672e-07,0.0,17.000929041482618,1.6716320682412265,-6.661338147750939e-16,0.9890574391024384,1.045561186192647,0.6107495790410504,0.5466860341409399,False,False,False
2025-04-04,B1,80,1.9068208928209578,1.9068208928209578,0.26716856819745055,0.0,1.6396522246235072,0.0,0.0,1.0000000028043132e-07,0.0,15.541330470883882,1.9068207928209577,-2.220446049250313e-16,0.9901595084988783,1.0465935876045287,0.5915183531873643,0.5266368991733134,False,False,False
2025-04-04,B1,81,1.8827751047105208,1.6857076548943777,0.2691849105514795,0.0,1.4165226443428978,0.1970674498161431,0.0,1.0000000028043132e-07,0.0,13.855622915989507,1.6857075548943772,2.220446049250313e-16,0.9904161677001788,1.0468424415032558,0.5900807474888049,0.5197454170296245,False,False,False
2025-04-04,B1,82,1.8827742350617642,1.872504706727464,0.3000808885411861,0.0,1.572423718186278,0.010269528334300171,2.220446049250313e-16,9.999999983634211e-08,0.0,11.983118309262043,1.872504606727464,0.0,0.9912142452794586,1.047462247389158,0.5760188586358469,0.5125755503113836,False,False,False
2025-04-04,B1,83,1.870734386158457,1.7719383905865616,0.32111567044047307,0.0,1.4508226201460885,0.09879599557189556,0.0,9.999999983634211e-08,0.0,10.211180018675481,1.7719382905865615,2.220446049250313e-16,0.9913958741699301,1.0476769585308918,0.5764899798686279,0.5121468684612598,False,False,False
2025-04-04,B1,84,1.9212955694678724,1.824384216394237,0.33916374687571066,0.0,1.4852203695185255,0.09691135307363541,0.0,1.0000000050247593e-07,0.0,8.386795902281243,1.8243841163942363,2.220446049250313e-16,0.9923335721385791,1.0482216974374923,0.5608300369746315,0.49486152652640925,False,False,False
2025-04-04,B1,85,1.867624326826869,1.509770225830054,0.2348352303998043,0.11360302236060715,1.161331873069642,0.357854100996815,0.0,1.0000000050247593e-07,0.0,6.87702577645119,1.5097701258300535,0.0,0.9925826991607638,1.0486609712125765,0.5609084710357558,0.4901760454329869,False,False,False
2025-04-04,B1,86,1.8622753126881937,1.6334565064231747,0.35046096449543235,0.0,1.282995441927742,0.22881880626501894,0.0,1.0000000028043132e-07,0.0,5.243569370028015,1.6334564064231745,0.0,0.9933678311485363,1.043412301017557,0.5446838155507094,0.4847559683940421,False,False,False
2025-04-04,B1,87,1.8815293361516683,0.5024752223460266,0.3677971057755263,0.0,0.13467801657050035,1.3790541138056418,0.0,9.999999994736442e-08,0.0,4.741094247681988,0.5024751223460266,0.0,0.9935301252273748,1.0435630962342848,0.5426782347073811,0.4770945524080534,False,False,False
2025-04-04,B1,88,1.8829922571578257,0.0,0.0,0.0,0.0,1.8829922571578257,0.0,0.0,0.0,4.741094247681988,0.0,0.0,0.9942894058773752,1.0447250262659384,0.5286750288247646,0.4629124253612319,False,False,False
2025-04-04,B1,89,1.8868880200243865,0.057165161055633365,0.006782913149609448,0.00900374295054289,0.04137840495548103,1.829722858968753,0.0,1.0000000000287557e-07,0.0,4.683929186626355,0.05716506105563336,0.0,0.9946374129590648,1.0453739581669825,0.5279924550221908,0.46214015071411246,False,False,False
2025-04-04,B1,90,1.766615818020959,0.0,0.0,0.0,0.0,1.766615818020959,0.0,0.0,0.0,4.683929186626355,0.0,0.0,0.9951332096971245,1.0460886368982918,0.5193503844444252,0.45448676864493326,False,False,False
2025-04-04,B1,91,1.7678489799573283,0.24682196264368067,3.939104279218696e-05,0.0,0.24678247160088848,1.5210270173136475,0.0,1.0000000000287557e-07,0.0,4.437107323982675,0.24682186264368067,0.0,0.9956922162168037,1.0470735527015134,0.5182981598958358,0.44443188149511575,False,False,False
2025-04-04,B1,92,1.7875926156705741,0.0,0.0,0.0,0.0,1.7875926156705741,0.0,0.0,0.0,4.437107323982675,0.0,0.0,0.9952856574457182,1.0465086732502151,0.5248178129815735,0.46197201850458486,False,False,False
2025-04-04,B1,93,1.876864712021256,0.0002491861850848278,3.706594026491185e-05,0.0,0.000212020244819916,1.8766155258361712,0.0,1.0000000000000243e-07,0.0,4.43685823779759,0.0002490861850848278,0.0,0.99546376866254,1.0468202133532063,0.5245491178031805,0.46657546662213256,False,False,False
2025-04-04,B1,94,1.8770937752950543,0.0010647046089988098,3.6208613009102724e-05,0.0,0.001028395995989707,1.8760290706860554,0.0,1.0000000000005664e-07,0.0,4.474404744299702,0.0010646046089988097,0.0,0.9957592994955383,1.0472578573571714,0.5192993133565542,0.4560627356907287,False,False,False
2025-04-04,B1,95,1.8681170236841564,0.0,0.0,0.0,0.0,1.8681170236841564,0.0,0.0,0.0,4.493293633188591,0.0,0.0,0.9964002810017321,1.047980070990173,0.5194383988774632,0.4477607222821111,False,False,False
2025-04-04,B3,0,5.067415730337078,5.067415730337078,0.4665392218060771,0.0,2.5716551226383766,0.0,2.0292212858926244,1.0000000028043132e-07,0.0,74.96069454444444,3.0381943444444537,0.0,0.974868079791273,1.0331492438991547,0.49685678509021947,0.4513657904987255,False,False,False
2025-04-04,B3,1,5.067415730337078,5.067415730337078,0.34317025593008726,0.0,1.8916213107365798,0.0,2.832624063670411,1.0000000028043132e-07,0.0,74.93034742222221,2.234791566666667,0.0,0.9785773172440062,1.038201873956553,0.5446691888830943,0.49203578340144616,False,False,False
2025-04-04,B3,2,3.681721051185674,3.681721051185674,0.34553760923845195,0.0,1.904670624094881,0.0,1.4315127178523408,1.0000000072452053e-07,0.0,72.79291696666665,2.250208233333333,-4.440892098500626e-16,0.9791958936035544,1.0388998609557079,0.5488948923893834,0.5012693163945154,False,False,False
2025-04-04,B3,3,1.8273510845486993,1.8273510845486993,0.33568430087390777,0.0,1.4916666836747916,0.0,0.0,1.0000000005838672e-07,0.0,70.97306598211794,1.8273509845486995,-2.220446049250313e-16,0.9789561884015072,1.0386224731666602,0.5328682704307941,0.48955395096544063,False,False,False
2025-04-04,B3,4,1.816230885902473,1.816230885902473,0.332666458593425,0.0,1.4835643273090477,0.0,0.0,1.0000000050247593e-07,0.0,69.16433519621546,1.8162307859024727,-2.220446049250313e-16,0.9790593150375957,1.038764134094961,0.5454888427239706,0.5073739577645077,False,False,False
2025-04-04,B3,5,2.4859126071438173,2.4859126071438173,0.36326076779026245,0.0,2.002364132209738,0.0,0.12028760714381592,1.0000000116860974e-07,0.0,66.79871029621546,2.3656249000000003,0.0,0.9783147321212606,1.03791378222157,0.5486855558268706,0.5012132560827066,False,False,False
2025-04-04,B3,6,2.0254353300045693,2.0254353300045693,0.3752894818976281,0.0,1.6501457481069417,0.0,0.0,9.999999894816369e-08,0.0,64.77327506621089,2.02543523000457,4.440892098500626e-16,0.9791632893695094,1.0388440694772916,0.5377760451496107,0.49314451836626516,False,False,False
2025-04-04,B3,7,2.191296480094941,2.191296480094941,0.4260702767374116,0.0,1.7652261033575285,0.0,8.881784197001252e-16,9.99999993922529e-08,0.0,62.58197868611595,2.19129638009494,8.881784197001252e-16,0.9784321559450808,1.0379752486388096,0.5391466487577989,0.4881329269155408,False,False,False
2025-04-04,B3,8,2.0444615220690254,2.0444615220690254,0.4252065126924679,0.0,1.6192549093765543,0.0,0.0,1.0000000294496658e-07,0.0,61.0141839307136,2.044461422069022,4.440892098500626e-16,0.9789814688441876,1.0385781624064319,0.5321654602034587,0.4969486933618135,False,False,False
2025-04-04,B3,9,2.8020377734562567,2.8020377734562567,0.4775442155638787,0.0,2.3244934578923786,0.0,0.0,9.99999993922529e-08,0.0,58.212146257257345,2.8020376734562573,0.0,0.9789027185555921,1.0384433710665448,0.5137943420600612,0.46867299030277376,False,False,False
2025-04-04,B3,10,2.3186348158046273,2.3186348158046273,0.46642192051602155,0.0,1.8522127952886,0.0,4.440892098500626e-16,1.0000000516541263e-07,0.0,55.893511541452725,2.3186347158046217,0.0,0.9784953019534697,1.0380237920901674,0.5330180376755628,0.48701386299289257,False,False,False
2025-04-04,B3,11,2.5878267060542344,2.5878267060542344,0.4579471777223352,0.0,2.129879428331898,0.0,4.440892098500626e-16,1.0000000161269895e-07,0.0,53.30568493539849,2.587826606054233,-8.881784197001252e-16,0.983043726806514,1.0401932355597967,0.5085780040325453,0.4704841010713737,False,False,False
2025-04-04,B3,12,2.2647417573206106,2.2647417573206106,0.255334812539249,0.0,2.0094068447813602,0.0,8.881784197001252e-16,1.0000000028043132e-07,0.0,51.06094327807788,2.2647416573206094,0.0,0.980140194213187,1.0397834603345415,0.530525382735469,0.4868915985927187,False,False,False
2025-04-04,B3,13,1.915018114839117,1.915018114839117,0.25643463243820575,0.0,1.6585833824009115,0.0,0.0,1.0000000005838672e-07,0.0,49.14592526323876,1.9150180148391174,-4.440892098500626e-16,0.97824677954765,1.0377291952023373,0.5349562679796412,0.4888434124768906,False,False,False
2025-04-04,B3,14,2.0002937456262027,2.0002937456262027,0.2671554477399321,0.0,1.733138197886271,0.0,0.0,9.999999983634211e-08,0.0,47.15257606205701,2.0002936456262033,-4.440892098500626e-16,0.9789929748884103,1.0384892026710586,0.5367763634477957,0.48889095012460015,False,False,False
2025-04-04,B3,15,5.067415730337078,5.067415730337078,0.6478763524760714,0.0,3.5712207697461524,0.0,0.8483185081148568,9.999999850407448e-08,0.0,50.85486782872367,4.219097122222224,-8.881784197001252e-16,0.9781129471028195,1.0375377514910065,0.5216396192676679,0.48002137470420925,False,False,False
2025-04-04,B3,16,2.54260285793017,2.54260285793017,0.31621962864523445,0.0,2.2263831292849354,0.0,4.440892098500626e-16,9.999999983634211e-08,0.0,48.3122650707935,2.5426027579301698,0.0,0.9806110654226989,1.0374772477789322,0.5304035534851829,0.49159535098000157,False,False,False
2025-04-04,B3,17,2.056002882249391,2.056002882249391,0.23667311824511097,0.0,1.8193296640042802,0.0,0.0,9.99999993922529e-08,0.0,46.25626228854411,2.0560027822493914,4.440892098500626e-16,0.9772645229951891,1.0366354835245544,0.549900690671365,0.5065153195889883,False,False,False
2025-04-04,B3,18,2.0283454428542296,2.0283454428542296,0.23124196955063606,0.0,1.7971033733035942,0.0,0.0,9.999999983634211e-08,0.0,44.22791694568988,2.02834534285423,-4.440892098500626e-16,0.9768345223488536,1.0362458879763667,0.5452547009866343,0.49541685428629706,False,False,False
2025-04-04,B3,19,1.6647313834841204,1.6647313834841204,0.226860213741363,0.0,1.4378710697427577,0.0,0.0,1.0000000050247593e-07,0.0,42.563185662205754,1.6647312834841208,-8.881784197001252e-16,0.9816489212876194,1.0385026258903995,0.5382842545283941,0.5006408091148868,False,False,False
2025-04-04,B3,20,1.722206469784981,1.722206469784981,0.24092788666915238,0.0,1.4812784831158288,0.0,2.220446049250313e-16,9.999999961429751e-08,0.0,45.01431262575411,1.7222063697849812,0.0,0.979599469303535,1.0362154505503207,0.5289766641587501,0.48667647200328795,False,False,False
2025-04-04,B3,21,1.8720921722229573,1.8720921722229573,0.279594191920432,0.0,1.5924978803025254,0.0,0.0,1.0000000028043132e-07,0.0,61.40222055353115,1.8720920722229573,-2.220446049250313e-16,0.9812456968197005,1.0382035864907513,0.5038450547943256,0.4685636347769292,False,False,False
2025-04-04,B3,22,1.6398393201608679,1.6398393201608679,0.3011707437885435,0.0,1.338668476372324,0.0,2.220446049250313e-16,1.0000000005838672e-07,0.0,59.762381333370286,1.6398392201608676,0.0,0.982506399803879,1.0374358509793307,0.5587827177991014,0.5158530120471854,False,False,False
2025-04-04,B3,23,2.0161452668651574,2.0161452668651574,0.32713141557700626,0.0,1.689013751288151,0.0,0.0,1.0000000028043132e-07,0.0,57.74623616650513,2.016145166865157,0.0,0.9836107362962458,1.0379591712790899,0.5347189712763762,0.49452130500139235,False,False,False
2025-04-04,B3,24,0.8983084286104681,0.03827585801251857,0.03827575801251857,0.0,0.0,0.8600325705979496,0.0,1.0000000000287557e-07,0.0,57.7079604084926,0.03827575801251857,0.0,0.9817178796912719,1.044195736611233,0.5875342454577462,0.5341819418066537,False,False,False
2025-04-04,B3,25,0.9182529540520019,0.9142294971700948,0.35514513108614226,0.0,0.5590842660839525,0.004023456881907084,1.1102230246251565e-16,9.999999994736442e-08,0.0,56.79373101132251,0.9142293971700948,0.0,0.9809548401686201,1.0432452006078363,0.5896779757643136,0.5466003229034301,False,False,False
2025-04-04,B3,26,0.8623862293192974,0.8587937159917063,0.26113295880149795,0.0,0.5976606571902083,0.0035925133275911403,0.0,9.999999994736442e-08,0.0,64.03188183977524,0.8587936159917062,1.1102230246251565e-16,0.9873638016720735,1.0480632271201265,0.5925244173199574,0.5469964704255494,False,False,False
2025-04-04,B3,27,1.1134458640868752,0.9474771448251873,0.20387640449438216,0.0,0.7436006403308052,0.16596871926168788,0.0,9.999999994736442e-08,0.0,63.08440479495005,0.9474770448251874,2.220446049250313e-16,0.9858749874206176,1.0466460418297758,0.5956553097489315,0.553185278665627,False,False,False
2025-04-04,B3,28,1.7144657022192613,1.02275720765215,0.2352621722846443,0.0,0.7874949353675058,0.6917084945671113,0.0,1.0000000005838672e-07,0.0,62.061647687297906,1.0227571076521502,-2.220446049250313e-16,0.9852896088030599,1.044618935219783,0.5987686888684053,0.5385130260644259,False,False,False
2025-04-04,B3,29,0.9414616360746436,0.87886363967611,0.14387640449438188,0.0,0.7349871351817283,0.06259799639853358,0.0,9.999999994736442e-08,0.0,62.28139525873291,0.8788635396761102,-1.1102230246251565e-16,0.9846788230361223,1.0451857608749349,0.5968676618825747,0.5322470828433445,False,False,False
2025-04-04,B3,30,1.870689555191541,1.870689555191541,0.16764168038790025,0.0,1.703047774803641,0.0,0.0,9.999999983634211e-08,0.0,60.41070580354137,1.8706894551915412,0.0,0.9842420763082333,1.041671142459686,0.5881609145126013,0.536175236251267,False,False,False
2025-04-04,B3,31,1.849357071200618,1.849357071200618,0.1925234082396999,0.0,1.0612264917602967,0.0,0.5956070712006212,1.0000000005838672e-07,0.0,59.63112257020804,1.2537498999999965,2.220446049250313e-16,0.9843695112534894,1.044801489269636,0.5795822829583334,0.519451811634198,False,False,False
2025-04-04,B3,32,1.921821423464281,1.921821423464281,0.19832449022055743,0.0,1.0932031875572195,0.0,0.6302936456865043,9.999999983634211e-08,0.0,60.72987267020804,1.2915276777777769,0.0,0.9828291363429443,1.0407991280502453,0.5838217914330172,0.5267820413139592,False,False,False
2025-04-04,B3,33,1.897536481945874,1.897536481945874,0.20678084685809398,0.0,1.1398162753641286,0.0,0.5509392597236515,9.999999983634211e-08,0.0,62.24438665909693,1.3465971222222226,0.0,0.9814616342427086,1.0403667322734615,0.5870113702261184,0.5254017628601809,False,False,False
2025-04-04,B3,34,2.1601025737317467,2.1601025737317467,0.27962494798168913,0.0,1.5413471742405316,0.0,0.33913035150952564,1.0000000028043132e-07,0.0,60.42341453687471,1.8209721222222206,0.0,0.9832277030983068,1.0422357325132958,0.555657412240791,0.5192251431430812,False,False,False
2025-04-04,B3,35,2.0655577601958868,2.0655577601958868,0.3022854244694133,0.0,1.6662561421972537,0.0,0.0970160935292197,1.0000000005838672e-07,0.0,58.995706303541375,1.968541566666667,0.0,0.9824262764616597,1.041614692101009,0.5560315301475298,0.49615527037220325,False,False,False
2025-04-04,B3,36,2.351775709234448,2.351775709234448,0.3611706720765713,0.0,1.990604937157877,0.0,0.0,1.0000000028043132e-07,0.0,56.643930694306924,2.351775609234448,-4.440892098500626e-16,0.9801262417901597,1.0412429072538014,0.5328685247874199,0.4960452369406765,False,False,False
2025-04-04,B3,37,1.8144949375743613,1.8144949375743613,0.2174339367457351,0.0,1.1985381854764916,0.0,0.39852271535213446,1.0000000028043132e-07,0.0,58.0779585720847,1.4159721222222268,-2.220446049250313e-16,0.9758609968761665,1.039198321534005,0.5486209818473968,0.4969085436336098,False,False,False
2025-04-04,B3,38,1.6742362468681218,1.6742362468681218,0.20672707926391123,0.0,1.4675090676042104,0.0,0.0,1.0000000005838672e-07,0.0,56.40372242521657,1.6742361468681217,0.0,0.975458496154336,1.0386757908480277,0.5860842955449567,0.5432798811993312,False,False,False
2025-04-04,B3,39,1.6671242593394728,1.6671242593394728,0.19699961950178377,0.0,1.470124539837689,0.0,0.0,1.0000000050247593e-07,0.0,54.73659826587709,1.6671241593394728,-4.440892098500626e-16,0.9742239645834877,1.037255320276502,0.5966466278740903,0.5466924874281331,False,False,False
2025-04-04,B3,40,1.6295930244118166,1.6295930244118166,0.18814347427835454,0.0,1.4414494501334625,0.0,0.0,9.999999983634211e-08,0.0,53.10700534146528,1.629592924411817,-2.220446049250313e-16,0.9762572125250714,1.0394402077442455,0.5720616638829258,0.5132801443490477,False,False,False
2025-04-04,B3,41,1.4473676936750035,1.4473676936750035,0.17134608268215787,0.0,1.2760215109928452,0.0,0.0,1.0000000005838672e-07,0.0,51.65963774779027,1.447367593675003,4.440892098500626e-16,0.9774190644688246,1.0407752468547542,0.5552868332718411,0.49482857353729376,False,False,False
2025-04-04,B3,42,1.3340915949290728,1.3340915949290728,0.2222697475353953,0.0,1.1118217473936776,0.0,0.0,1.0000000028043132e-07,0.0,50.3255462528612,1.3340914949290728,-2.220446049250313e-16,0.9788163714261543,1.042305836829017,0.5226852433587097,0.46190046119620637,False,False,False
2025-04-04,B3,43,1.4027016639050158,1.4027016639050158,0.2193122875375057,0.0,1.18338927636751,0.0,0.0,1.0000000005838672e-07,0.0,48.922844688956175,1.4027015639050158,0.0,0.97763239544718,1.0409741217831687,0.5470063335861615,0.48122227399760303,False,False,False
2025-04-04,B3,44,1.3175465273413307,1.3175465273413307,0.220375203990127,0.0,1.0971712233512039,0.0,0.0,9.999999983634211e-08,0.0,47.60529826161485,1.3175464273413309,0.0,0.9783380756099171,1.0417817340878683,0.5384904442568224,0.4838674204536246,False,False,False
2025-04-04,B3,45,1.4975977361875077,1.4975977361875077,0.2242331124976909,0.0,1.2733645236898177,0.0,0.0,9.999999961429751e-08,0.0,46.10770062542734,1.4975976361875085,-4.440892098500626e-16,0.9754711406557108,1.0384495234503044,0.5766883158113982,0.5154457445047554,False,False,False
2025-04-04,B3,46,1.4928381485445268,1.4928381485445268,0.24769047904198296,0.0,1.245147569502544,0.0,0.0,1.0000000028043132e-07,0.0,44.614862576882814,1.492838048544527,-4.440892098500626e-16,0.9785176271147146,1.04177714576604,0.5294925642932686,0.4825293480391749,False,False,False
2025-04-04,B3,47,1.347120035425693,1.347120035425693,0.263602694654144,0.0,1.0835172407715494,0.0,0.0,1.0000000028043132e-07,0.0,43.26774264145712,1.3471199354256935,-8.881784197001252e-16,0.97799520159875,1.0412408751548854,0.5495003414323542,0.5004728791125465,False,False,False
2025-04-04,B3,48,1.3169803860010092,1.3169803860010092,0.29465953937140915,0.0,1.0223207466296,0.0,0.0,1.0000000005838672e-07,0.0,41.950762355456106,1.3169802860010091,0.0,0.990012478376753,1.0475445672587094,0.43360252744646555,0.39943466836484764,False,False,False
2025-04-04,B3,49,1.3505740478063646,1.3505740478063646,0.2924862764838447,0.0,1.0580876713225198,0.0,0.0,1.0000000028043132e-07,0.0,40.60018840764974,1.3505739478063645,-2.220446049250313e-16,0.9900841660043913,1.0473112161133686,0.43422660086922343,0.3907041760077776,False,False,False
2025-04-04,B3,50,1.4054854095737863,1.4054854095737863,0.2974854048674477,0.0,1.1079999047063387,0.0,2.220446049250313e-16,9.999999983634211e-08,0.0,39.19470309807595,1.4054853095737863,0.0,0.9904984461236228,1.047949456758554,0.42871201315688323,0.3841835255863152,False,False,False
2025-04-04,B3,51,1.3309739041379007,1.3309739041379007,0.2915463466649664,0.0,1.0394274574729339,0.0,0.0,1.0000000028043132e-07,0.0,37.86372929393805,1.3309738041379002,2.220446049250313e-16,0.9899530889540843,1.0468916990225992,0.4378448656587127,0.38400051869268526,False,False,False
2025-04-04,B3,52,2.701539186995032,2.701539186995032,0.3172103607281885,0.0,2.384328726266844,0.0,0.0,9.999999983634211e-08,0.0,35.162190206943016,2.7015390869950324,-4.440892098500626e-16,0.9889630088087367,1.0446388481915263,0.43917396186533086,0.38572403423103735,False,False,False
2025-04-04,B3,53,1.4535856822822233,1.4535856822822233,0.31548878928781343,0.0,1.1380967929944097,0.0,0.0,1.0000000028043132e-07,0.0,33.70860462466079,1.4535855822822232,-2.220446049250313e-16,0.9842962432883712,1.0402067004655315,0.5088844316172281,0.4538401248992398,False,False,False
2025-04-04,B3,54,1.5656268797942725,1.5656268797942725,0.30339277722625196,0.0,1.2622340025680203,0.0,2.220446049250313e-16,1.0000000005838672e-07,0.0,32.14297784486652,1.5656267797942722,0.0,0.9791314264908366,1.0374811975435079,0.5187549946555553,0.4759858334465438,False,False,False
2025-04-04,B3,55,1.4369360673173825,1.4369360673173825,0.30166870322337647,0.0,1.1352672640940056,0.0,2.220446049250313e-16,1.0000000028043132e-07,0.0,30.70604187754914,1.436935967317382,0.0,0.9808348914078424,1.0384295003613175,0.5046646416630699,0.4564414881526962,False,False,False
2025-04-04,B3,56,3.2043832404175987,3.2043832404175987,0.4948066283351638,0.0,2.709576512082436,0.0,0.0,9.999999983634211e-08,0.0,28.16276984824265,3.2043831404176,-1.3322676295501878e-15,0.9854757228964489,1.0404509494647738,0.46952940955464295,0.41590319632330347,False,False,False
2025-04-04,B3,57,1.497056625134769,1.497056625134769,0.3613475045455497,0.0,1.1357090205892186,0.0,4.440892098500626e-16,1.0000000028043132e-07,0.0,28.21599110088566,1.4970565251347683,0.0,0.9870893664436228,1.0414736249465417,0.47406422694960687,0.4367678693391445,False,False,False
2025-04-04,B3,58,1.4358742261859958,1.4358742261859958,0.40080340560218614,0.0,1.0350707205838097,0.0,0.0,1.0000000005838672e-07,0.0,26.780116974699663,1.4358741261859957,0.0,0.9857511252813882,1.0405519735281188,0.4776173492036433,0.4349524787230758,False,False,False
2025-04-04,B3,59,1.385682448218767,1.385682448218767,0.34988309934545275,0.0,1.0357992488733148,0.0,0.0,9.999999961429751e-08,0.0,25.394434626480894,1.3856823482187675,0.0,0.9886340292180974,1.043180510998753,0.461867585197465,0.4206213251495798,False,False,False
2025-04-04,B3,60,1.4039233308812051,1.4039233308812051,0.3210150540482028,0.0,1.0829081768330022,0.0,0.0,1.0000000028043132e-07,0.0,23.990511395599686,1.403923230881205,-2.220446049250313e-16,0.9856654651894119,1.0411577287610951,0.48992270760424883,0.4437540808513888,False,False,False
2025-04-04,B3,61,1.4316346884992548,1.4316346884992548,0.31784026114379604,0.0,1.113794327355459,0.0,0.0,9.999999983634211e-08,0.0,22.558876807100432,1.431634588499255,0.0,0.9785519045978697,1.0391771950563136,0.5550010495782293,0.5186626666098012,False,False,False
2025-04-04,B3,62,1.4670093909574196,1.4670093909574196,0.3162880775293607,0.0,1.1507212134280582,0.0,2.220446049250313e-16,1.0000000005838672e-07,0.0,21.09186751614301,1.467009290957419,2.220446049250313e-16,0.978360774056775,1.039225498315914,0.5269830500893997,0.4680753768271279,False,False,False
2025-04-04,B3,63,1.8776965020829173,1.8776965020829173,0.3177053129883505,0.0,1.5599910890945665,0.0,0.0,1.0000000005838672e-07,0.0,19.214171114060097,1.877696402082917,2.220446049250313e-16,0.9761672492363842,1.0391392695429735,0.5871885270970556,0.5536743487961813,False,False,False
2025-04-04,B3,64,1.495486743357818,1.4080637507791605,0.2758332772253125,0.0,1.132230373553848,0.0874229925786576,0.0,1.0000000028043132e-07,0.0,17.806107463280938,1.4080636507791604,-2.220446049250313e-16,0.9805830248076858,1.0416918913723405,0.5651769918437948,0.5037139398747669,False,False,False
2025-04-04,B3,65,1.5568147924717954,1.5568147924717954,0.3016199264654431,0.0,1.2551947660063527,0.0,0.0,1.0000000005838672e-07,0.0,16.24929277080914,1.5568146924717958,-4.440892098500626e-16,0.9806190946233274,1.0428789090206971,0.5837770710610729,0.5267986070848475,False,False,False
2025-04-04,B3,66,1.520384336423538,1.520384336423538,0.36724954911655217,0.0,1.1531346873069857,0.0,2.220446049250313e-16,1.0000000005838672e-07,0.0,14.728908534385601,1.5203842364235378,0.0,0.9798378856123986,1.0423931109268725,0.5789967379271302,0.5140418079872247,False,False,False
2025-04-04,B3,67,1.5294591211950541,1.5294591211950541,0.3404020836365533,0.0,1.1890569375585014,0.0,0.0,9.999999983634211e-08,0.0,13.199449513190546,1.5294590211950547,-4.440892098500626e-16,0.982486945573389,1.0392960763374757,0.5460749798828302,0.49915132552837704,False,False,False
2025-04-04,B3,68,0.7190305055175675,0.7150535145292085,0.3032958801498127,0.0,0.411757534379396,0.003976990988359019,0.0,9.999999994736442e-08,0.0,12.484396098661337,0.7150534145292087,-1.1102230246251565e-16,0.9773507614369426,1.0374487024902552,0.5867985560004076,0.5209331650715691,False,False,False
2025-04-04,B3,69,1.493895704956782,1.493895704956782,0.2913550370289338,0.0,1.2025405679278482,0.0,0.0,1.0000000005838672e-07,0.0,10.990500493704555,1.493895604956782,0.0,0.9822159552266193,1.0401617094360691,0.5645810105186324,0.5206298813000455,False,False,False
2025-04-04,B3,70,0.6580019093490651,0.6540568598282042,0.2803370786516855,0.0,0.3737196811765187,0.003945049520860944,0.0,9.999999994736442e-08,0.0,10.33644373387635,0.6540567598282042,0.0,0.9791918901350172,1.0390509959743501,0.5902518315965855,0.5356371180830952,False,False,False
2025-04-04,B3,71,0.6596826398852014,0.21386003341961202,0.09372298957056435,0.12013694384904766,0.0,0.44582260646558936,0.0,1.0000000000287557e-07,0.0,10.122583800456738,0.213859933419612,0.0,0.9798113425321925,1.0398334850025694,0.5859899106971362,0.5371106021377765,False,False,False
2025-04-04,B3,72,0.6670300857958571,0.6630882148718347,0.2888295880149813,0.0,0.37425852685685335,0.003941870924022428,0.0,9.999999994736442e-08,0.0,9.459495685584905,0.6630881148718346,1.1102230246251565e-16,0.9801245269051946,1.0396863580213307,0.591654450794396,0.5289474437393996,False,False,False
2025-04-04,B3,73,0.7851264062193717,0.36410832214606126,0.13425263641831903,0.1538559778138907,0.07599960791385152,0.42101808407331043,0.0,1.0000000000287557e-07,0.0,9.095387463438843,0.36410822214606126,0.0,0.9805285329551268,1.0403903290831316,0.591027257884129,0.542306955767572,False,False,False
2025-04-04,B3,74,1.771007015191056,1.771007015191056,0.29135744700677196,0.0,1.479649468184284,0.0,2.220446049250313e-16,1.0000000005838672e-07,0.0,7.324380548247786,1.771006915191056,-2.220446049250313e-16,0.9807455268978853,1.0403693772669074,0.5929978329258051,0.5349244557632603,False,False,False
2025-04-04,B3,75,0.7834525493118443,0.16168877557858935,0.05489541544035087,0.10679326013823848,0.0,0.6217637737332549,0.0,1.0000000000287557e-07,0.0,7.162691872669198,0.16168867557858935,0.0,0.9811314737627775,1.0408151470531677,0.5967057925526891,0.5352244410841619,False,False,False
2025-04-04,B3,76,0.7839537645391179,0.17094421057465825,0.05743279712996241,0.11351131344469584,0.0,0.6130095539644597,0.0,1.0000000000287557e-07,0.0,6.991747762094539,0.17094411057465825,0.0,0.9813725184119281,1.0407075425937902,0.5922603394415707,0.5395824680197413,False,False,False
2025-04-04,B3,77,1.7742316727792475,1.7608685678677571,0.2624769211165188,0.0,1.4983915467512385,0.013363104911490398,0.0,1.0000000028043132e-07,0.0,5.230879294226782,1.7608684678677573,-4.440892098500626e-16,0.9818618576188547,1.0414966605484008,0.5845842350846813,0.5262867682131552,False,False,False
2025-04-04,B3,78,1.7710461493850873,0.0018236898090297124,5.240133881750768e-05,0.0,0.0017711884702122048,1.7692224595760575,0.0,9.99999999998398e-08,0.0,5.229055704417752,0.0018235898090297126,0.0,0.9861364199338688,1.0444642190460625,0.5928971779207922,0.5362424826879371,False,False,False
2025-04-04,B3,79,0.781269689941072,0.0,0.0,0.0,0.0,0.781269689941072,0.0,0.0,0.0,5.229055704417752,0.0,0.0,0.983874192207698,1.0435151351940908,0.5792374462533235,0.5172435778870782,False,False,False
2025-04-04,B3,80,0.9869147443703279,0.0,0.0,0.0,0.0,0.9869147443703279,0.0,0.0,0.0,5.676277926639974,0.0,0.0,0.9831849454634538,1.0428444301623405,0.5940539438080931,0.5318237995980754,False,False,False
2025-04-04,B3,81,0.8326870219074681,0.0,0.0,0.0,0.0,0.8326870219074681,0.0,0.0,0.0,5.676277926639974,0.0,0.0,0.9833570639347778,1.0431915529763387,0.5940608772311845,0.5257524225812802,False,False,False
2025-04-04,B3,82,0.830435953474498,0.0,0.0,0.0,0.0,0.830435953474498,0.0,0.0,0.0,5.676277926639974,0.0,0.0,0.983888409012229,1.0429174681657352,0.5892618589521434,0.5279553025882622,False,False,False
2025-04-04,B3,83,0.825227914140505,0.0,0.0,0.0,0.0,0.825227914140505,0.0,0.0,0.0,5.676277926639974,0.0,0.0,0.9829407082745111,1.0433278593790427,0.5897138677924864,0.5275881485025112,False,False,False
2025-04-04,B3,84,0.8476045569123088,0.03753290494939629,0.03753280494939629,0.0,0.0,0.8100716519629125,0.0,1.0000000000287557e-07,0.0,5.638745121690578,0.03753280494939629,1.1102230246251565e-16,0.9855712325854056,1.0428329350109324,0.5610083075357643,0.4975412577745149,False,False,False
2025-04-04,B3,85,2.543753176541312,0.11357830616171483,0.07245170648131583,0.041126499680399,0.0,2.430174870379597,0.0,1.0000000000287557e-07,0.0,5.525166915528863,0.11357820616171482,4.440892098500626e-16,0.9854063644092158,1.04269578447531,0.5811369587760354,0.512147342844855,False,False,False
2025-04-04,B3,86,0.8216868033548447,0.0,0.0,0.0,0.0,0.8216868033548447,0.0,0.0,0.0,5.525166915528863,0.0,0.0,0.9847057614635865,1.0367386407593524,0.5770746611323087,0.5185497588919982,False,False,False
2025-04-04,B3,87,1.8804898602719855,0.0,0.0,0.0,0.0,1.8804898602719855,0.0,0.0,0.0,5.525166915528863,0.0,0.0,0.9830115434566977,1.0365557937910064,0.5767122238878937,0.5122569788952656,False,False,False
2025-04-04,B3,88,2.4580691675060296,0.0,0.0,0.0,0.0,2.4580691675060296,0.0,0.0,0.0,5.525166915528863,0.0,0.0,0.9842720250128127,1.037308775402916,0.5727113231694703,0.5078749951299065,False,False,False
2025-04-04,B3,89,2.463337678097727,0.6468861449830932,0.2967586745117053,0.08326473372799498,0.26686263674339283,1.8164515331146338,1.1102230246251565e-16,9.999999994736442e-08,0.0,4.87828087054577,0.6468860449830931,0.0,0.9846428583233775,1.0378615990678453,0.5736955944637085,0.508841572672638,False,False,False
2025-04-04,B3,90,2.935499336256604,0.2716069716892812,0.14393775291679245,0.12766911877248877,0.0,2.6638923645673227,0.0,1.0000000000287557e-07,0.0,4.606673998856489,0.2716068716892812,4.440892098500626e-16,0.984678493807916,1.0383552959860247,0.5678803698709946,0.5039587769336615,False,False,False
2025-04-04,B3,91,4.630381153123439,0.17005310245051602,0.07800766844328239,0.09204533400723364,0.0,4.460328050672923,0.0,1.0000000000287557e-07,0.0,4.436620996405973,0.17005300245051602,-8.881784197001252e-16,0.9855569052413505,1.0393503804902589,0.5651550529669661,0.49216733808095636,False,False,False
2025-04-04,B3,92,2.3343142044136513,0.3201930211892272,0.16171961563502874,0.15847330555419847,0.0,2.0141211832244243,0.0,1.0000000000287557e-07,0.0,4.116428075216747,0.3201929211892272,0.0,0.9860623620600875,1.039603277347557,0.5480217345510567,0.48707720887469025,False,False,False
2025-04-04,B3,93,3.498197853674398,0.13814988034917094,0.07848499091124514,0.059664789437925796,0.0,3.3600479733252273,0.0,1.0000000000287557e-07,0.0,3.978278294867575,0.13814978034917094,0.0,0.9855725277652485,1.0391912328653774,0.5703785028026547,0.513820914306714,False,False,False
2025-04-04,B3,94,4.988273458199903,0.0010647046089988098,0.0010646046089988097,0.0,0.0,4.987208753590904,0.0,1.0000000000005664e-07,0.0,4.015824801369687,0.0010646046089988097,0.0,0.9857255887551998,1.0395360476820825,0.5661181633071803,0.5041348741154478,False,False,False
2025-04-04,B3,95,4.017312876783789,0.0,0.0,0.0,0.0,4.017312876783789,0.0,0.0,0.0,4.0347136902585765,0.0,0.0,0.9862873807871141,1.0402605320197988,0.5653918484722701,0.4948246497861015,False,False,False
