job_uid,eligible,baseline_start,baseline_end,repaired_start,repaired_end,baseline_terminal_site,repaired_terminal_site,post_H_timing_changed,post_H_reservation_profile_changed,post_H_site_state_changed,new_post_midnight_start,new_post_midnight_completion,post_H_GPU_slots_before,post_H_GPU_slots_after,incremental_post_midnight_GPU_h,safe_runtime_preserved,GPU_request_preserved,RW_completion_pass,baseline_in_day_remains_in_day,scope
9017248,False,0,160,0,160,AIDC01,AIDC01,False,False,False,False,False,2400,2400,0.0,True,True,True,True,ORIGINAL_RSP_PLUS_ORIGINAL_MIGRATION_WITNESS_NO_REPAIR
9033115,False,0,42,0,42,UNASSIGNED,UNASSIGNED,False,False,False,False,False,0,0,0.0,True,True,True,True,ORIGINAL_RSP_PLUS_ORIGINAL_MIGRATION_WITNESS_NO_REPAIR
9047149,True,0,24,0,24,UNASSIGNED,UNASSIGNED,False,False,False,False,False,0,0,0.0,True,True,True,True,ORIGINAL_RSP_PLUS_ORIGINAL_MIGRATION_WITNESS_NO_REPAIR
9047150,True,0,24,0,24,UNASSIGNED,UNASSIGNED,False,False,False,False,False,0,0,0.0,True,True,True,True,ORIGINAL_RSP_PLUS_ORIGINAL_MIGRATION_WITNESS_NO_REPAIR
9047151,True,0,24,0,24,UNASSIGNED,UNASSIGNED,False,False,False,False,False,0,0,0.0,True,True,True,True,ORIGINAL_RSP_PLUS_ORIGINAL_MIGRATION_WITNESS_NO_REPAIR
9047152,True,0,24,0,24,UNASSIGNED,UNASSIGNED,False,False,False,False,False,0,0,0.0,True,True,True,True,ORIGINAL_RSP_PLUS_ORIGINAL_MIGRATION_WITNESS_NO_REPAIR
9047153,True,0,24,0,24,UNASSIGNED,UNASSIGNED,False,False,False,False,False,0,0,0.0,True,True,True,True,ORIGINAL_RSP_PLUS_ORIGINAL_MIGRATION_WITNESS_NO_REPAIR
9047154,True,0,24,0,24,UNASSIGNED,UNASSIGNED,False,False,False,False,False,0,0,0.0,True,True,True,True,ORIGINAL_RSP_PLUS_ORIGINAL_MIGRATION_WITNESS_NO_REPAIR
9047155,True,0,24,0,24,UNASSIGNED,UNASSIGNED,False,False,False,False,False,0,0,0.0,True,True,True,True,ORIGINAL_RSP_PLUS_ORIGINAL_MIGRATION_WITNESS_NO_REPAIR
9047156,True,0,24,0,24,UNASSIGNED,UNASSIGNED,False,False,False,False,False,0,0,0.0,True,True,True,True,ORIGINAL_RSP_PLUS_ORIGINAL_MIGRATION_WITNESS_NO_REPAIR
9047157,True,0,24,0,24,UNASSIGNED,UNASSIGNED,False,False,False,False,False,0,0,0.0,True,True,True,True,ORIGINAL_RSP_PLUS_ORIGINAL_MIGRATION_WITNESS_NO_REPAIR
9047158,True,0,24,0,24,UNASSIGNED,UNASSIGNED,False,False,False,False,False,0,0,0.0,True,True,True,True,ORIGINAL_RSP_PLUS_ORIGINAL_MIGRATION_WITNESS_NO_REPAIR
9047159,True,0,24,0,24,UNASSIGNED,UNASSIGNED,False,False,False,False,False,0,0,0.0,True,True,True,True,ORIGINAL_RSP_PLUS_ORIGINAL_MIGRATION_WITNESS_NO_REPAIR
9047160,True,0,24,0,24,UNASSIGNED,UNASSIGNED,False,False,False,False,False,0,0,0.0,True,True,True,True,ORIGINAL_RSP_PLUS_ORIGINAL_MIGRATION_WITNESS_NO_REPAIR
9047161,True,0,24,0,24,UNASSIGNED,UNASSIGNED,False,False,False,False,False,0,0,0.0,True,True,True,True,ORIGINAL_RSP_PLUS_ORIGINAL_MIGRATION_WITNESS_NO_REPAIR
9047162,True,0,24,0,24,UNASSIGNED,UNASSIGNED,False,False,False,False,False,0,0,0.0,True,True,True,True,ORIGINAL_RSP_PLUS_ORIGINAL_MIGRATION_WITNESS_NO_REPAIR
9047163,True,0,24,0,24,UNASSIGNED,UNASSIGNED,False,False,False,False,False,0,0,0.0,True,True,True,True,ORIGINAL_RSP_PLUS_ORIGINAL_MIGRATION_WITNESS_NO_REPAIR
9047164,True,0,24,0,24,UNASSIGNED,UNASSIGNED,False,False,False,False,False,0,0,0.0,True,True,True,True,ORIGINAL_RSP_PLUS_ORIGINAL_MIGRATION_WITNESS_NO_REPAIR
9047165,True,0,24,0,24,UNASSIGNED,UNASSIGNED,False,False,False,False,False,0,0,0.0,True,True,True,True,ORIGINAL_RSP_PLUS_ORIGINAL_MIGRATION_WITNESS_NO_REPAIR
9047166,True,0,24,0,24,UNASSIGNED,UNASSIGNED,False,False,False,False,False,0,0,0.0,True,True,True,True,ORIGINAL_RSP_PLUS_ORIGINAL_MIGRATION_WITNESS_NO_REPAIR
9047167,True,0,24,0,24,UNASSIGNED,UNASSIGNED,False,False,False,False,False,0,0,0.0,True,True,True,True,ORIGINAL_RSP_PLUS_ORIGINAL_MIGRATION_WITNESS_NO_REPAIR
9047168,True,0,24,0,24,UNASSIGNED,UNASSIGNED,False,False,False,False,False,0,0,0.0,True,True,True,True,ORIGINAL_RSP_PLUS_ORIGINAL_MIGRATION_WITNESS_NO_REPAIR
9047169,True,0,24,0,24,UNASSIGNED,UNASSIGNED,False,False,False,False,False,0,0,0.0,True,True,True,True,ORIGINAL_RSP_PLUS_ORIGINAL_MIGRATION_WITNESS_NO_REPAIR
9047170,True,0,24,0,24,UNASSIGNED,UNASSIGNED,False,False,False,False,False,0,0,0.0,True,True,True,True,ORIGINAL_RSP_PLUS_ORIGINAL_MIGRATION_WITNESS_NO_REPAIR
9047171,True,0,24,0,24,UNASSIGNED,UNASSIGNED,False,False,False,False,False,0,0,0.0,True,True,True,True,ORIGINAL_RSP_PLUS_ORIGINAL_MIGRATION_WITNESS_NO_REPAIR
9047172,True,0,24,0,24,UNASSIGNED,UNASSIGNED,False,False,False,False,False,0,0,0.0,True,True,True,True,ORIGINAL_RSP_PLUS_ORIGINAL_MIGRATION_WITNESS_NO_REPAIR
9047173,True,0,24,0,24,UNASSIGNED,UNASSIGNED,False,False,False,False,False,0,0,0.0,True,True,True,True,ORIGINAL_RSP_PLUS_ORIGINAL_MIGRATION_WITNESS_NO_REPAIR
9047174,True,0,24,0,24,UNASSIGNED,UNASSIGNED,False,False,False,False,False,0,0,0.0,True,True,True,True,ORIGINAL_RSP_PLUS_ORIGINAL_MIGRATION_WITNESS_NO_REPAIR
9047175,True,0,24,0,24,UNASSIGNED,UNASSIGNED,False,False,False,False,False,0,0,0.0,True,True,True,True,ORIGINAL_RSP_PLUS_ORIGINAL_MIGRATION_WITNESS_NO_REPAIR
9047176,True,0,24,0,24,UNASSIGNED,UNASSIGNED,False,False,False,False,False,0,0,0.0,True,True,True,True,ORIGINAL_RSP_PLUS_ORIGINAL_MIGRATION_WITNESS_NO_REPAIR
9047177,True,0,24,0,24,UNASSIGNED,UNASSIGNED,False,False,False,False,False,0,0,0.0,True,True,True,True,ORIGINAL_RSP_PLUS_ORIGINAL_MIGRATION_WITNESS_NO_REPAIR
9047178,True,0,24,0,24,UNASSIGNED,UNASSIGNED,False,False,False,False,False,0,0,0.0,True,True,True,True,ORIGINAL_RSP_PLUS_ORIGINAL_MIGRATION_WITNESS_NO_REPAIR
9047179,True,0,24,0,24,UNASSIGNED,UNASSIGNED,False,False,False,False,False,0,0,0.0,True,True,True,True,ORIGINAL_RSP_PLUS_ORIGINAL_MIGRATION_WITNESS_NO_REPAIR
9047180,True,0,24,0,24,UNASSIGNED,UNASSIGNED,False,False,False,False,False,0,0,0.0,True,True,True,True,ORIGINAL_RSP_PLUS_ORIGINAL_MIGRATION_WITNESS_NO_REPAIR
9047181,True,0,24,0,24,UNASSIGNED,UNASSIGNED,False,False,False,False,False,0,0,0.0,True,True,True,True,ORIGINAL_RSP_PLUS_ORIGINAL_MIGRATION_WITNESS_NO_REPAIR
9047182,True,0,24,0,24,UNASSIGNED,UNASSIGNED,False,False,False,False,False,0,0,0.0,True,True,True,True,ORIGINAL_RSP_PLUS_ORIGINAL_MIGRATION_WITNESS_NO_REPAIR
9047183,True,0,24,0,24,UNASSIGNED,UNASSIGNED,False,False,False,False,False,0,0,0.0,True,True,True,True,ORIGINAL_RSP_PLUS_ORIGINAL_MIGRATION_WITNESS_NO_REPAIR
9047184,True,0,24,0,24,UNASSIGNED,UNASSIGNED,False,False,False,False,False,0,0,0.0,True,True,True,True,ORIGINAL_RSP_PLUS_ORIGINAL_MIGRATION_WITNESS_NO_REPAIR
9047185,True,0,24,0,24,UNASSIGNED,UNASSIGNED,False,False,False,False,False,0,0,0.0,True,True,True,True,ORIGINAL_RSP_PLUS_ORIGINAL_MIGRATION_WITNESS_NO_REPAIR
9047186,True,0,24,0,24,UNASSIGNED,UNASSIGNED,False,False,False,False,False,0,0,0.0,True,True,True,True,ORIGINAL_RSP_PLUS_ORIGINAL_MIGRATION_WITNESS_NO_REPAIR
9047187,True,0,24,0,24,UNASSIGNED,UNASSIGNED,False,False,False,False,False,0,0,0.0,True,True,True,True,ORIGINAL_RSP_PLUS_ORIGINAL_MIGRATION_WITNESS_NO_REPAIR
9047188,True,0,24,0,24,UNASSIGNED,UNASSIGNED,False,False,False,False,False,0,0,0.0,True,True,True,True,ORIGINAL_RSP_PLUS_ORIGINAL_MIGRATION_WITNESS_NO_REPAIR
9047189,True,0,24,0,24,UNASSIGNED,UNASSIGNED,False,False,False,False,False,0,0,0.0,True,True,True,True,ORIGINAL_RSP_PLUS_ORIGINAL_MIGRATION_WITNESS_NO_REPAIR
9047190,True,0,24,0,24,UNASSIGNED,UNASSIGNED,False,False,False,False,False,0,0,0.0,True,True,True,True,ORIGINAL_RSP_PLUS_ORIGINAL_MIGRATION_WITNESS_NO_REPAIR
9047191,True,0,24,0,24,UNASSIGNED,UNASSIGNED,False,False,False,False,False,0,0,0.0,True,True,True,True,ORIGINAL_RSP_PLUS_ORIGINAL_MIGRATION_WITNESS_NO_REPAIR
9047192,True,0,24,0,24,UNASSIGNED,UNASSIGNED,False,False,False,False,False,0,0,0.0,True,True,True,True,ORIGINAL_RSP_PLUS_ORIGINAL_MIGRATION_WITNESS_NO_REPAIR
9047193,True,0,24,0,24,UNASSIGNED,UNASSIGNED,False,False,False,False,False,0,0,0.0,True,True,True,True,ORIGINAL_RSP_PLUS_ORIGINAL_MIGRATION_WITNESS_NO_REPAIR
9047194,True,0,24,0,24,UNASSIGNED,UNASSIGNED,False,False,False,False,False,0,0,0.0,True,True,True,True,ORIGINAL_RSP_PLUS_ORIGINAL_MIGRATION_WITNESS_NO_REPAIR
9047195,True,0,24,0,24,UNASSIGNED,UNASSIGNED,False,False,False,False,False,0,0,0.0,True,True,True,True,ORIGINAL_RSP_PLUS_ORIGINAL_MIGRATION_WITNESS_NO_REPAIR
9047196,True,0,24,0,24,UNASSIGNED,UNASSIGNED,False,False,False,False,False,0,0,0.0,True,True,True,True,ORIGINAL_RSP_PLUS_ORIGINAL_MIGRATION_WITNESS_NO_REPAIR
9047197,True,0,24,0,24,UNASSIGNED,UNASSIGNED,False,False,False,False,False,0,0,0.0,True,True,True,True,ORIGINAL_RSP_PLUS_ORIGINAL_MIGRATION_WITNESS_NO_REPAIR
9047198,True,0,24,0,24,UNASSIGNED,UNASSIGNED,False,False,False,False,False,0,0,0.0,True,True,True,True,ORIGINAL_RSP_PLUS_ORIGINAL_MIGRATION_WITNESS_NO_REPAIR
9047199,True,0,24,0,24,UNASSIGNED,UNASSIGNED,False,False,False,False,False,0,0,0.0,True,True,True,True,ORIGINAL_RSP_PLUS_ORIGINAL_MIGRATION_WITNESS_NO_REPAIR
9047200,True,0,24,0,24,UNASSIGNED,UNASSIGNED,False,False,False,False,False,0,0,0.0,True,True,True,True,ORIGINAL_RSP_PLUS_ORIGINAL_MIGRATION_WITNESS_NO_REPAIR
9047201,True,0,24,0,24,UNASSIGNED,UNASSIGNED,False,False,False,False,False,0,0,0.0,True,True,True,True,ORIGINAL_RSP_PLUS_ORIGINAL_MIGRATION_WITNESS_NO_REPAIR
9047202,True,0,24,0,24,UNASSIGNED,UNASSIGNED,False,False,False,False,False,0,0,0.0,True,True,True,True,ORIGINAL_RSP_PLUS_ORIGINAL_MIGRATION_WITNESS_NO_REPAIR
9047203,True,0,24,0,24,UNASSIGNED,UNASSIGNED,False,False,False,False,False,0,0,0.0,True,True,True,True,ORIGINAL_RSP_PLUS_ORIGINAL_MIGRATION_WITNESS_NO_REPAIR
9047204,True,0,24,0,24,UNASSIGNED,UNASSIGNED,False,False,False,False,False,0,0,0.0,True,True,True,True,ORIGINAL_RSP_PLUS_ORIGINAL_MIGRATION_WITNESS_NO_REPAIR
9047205,True,0,24,0,24,UNASSIGNED,UNASSIGNED,False,False,False,False,False,0,0,0.0,True,True,True,True,ORIGINAL_RSP_PLUS_ORIGINAL_MIGRATION_WITNESS_NO_REPAIR
9047206,True,0,24,0,24,UNASSIGNED,UNASSIGNED,False,False,False,False,False,0,0,0.0,True,True,True,True,ORIGINAL_RSP_PLUS_ORIGINAL_MIGRATION_WITNESS_NO_REPAIR
9047207,True,0,24,0,24,UNASSIGNED,UNASSIGNED,False,False,False,False,False,0,0,0.0,True,True,True,True,ORIGINAL_RSP_PLUS_ORIGINAL_MIGRATION_WITNESS_NO_REPAIR
9047208,True,0,24,0,24,UNASSIGNED,UNASSIGNED,False,False,False,False,False,0,0,0.0,True,True,True,True,ORIGINAL_RSP_PLUS_ORIGINAL_MIGRATION_WITNESS_NO_REPAIR
9047209,True,0,24,0,24,UNASSIGNED,UNASSIGNED,False,False,False,False,False,0,0,0.0,True,True,True,True,ORIGINAL_RSP_PLUS_ORIGINAL_MIGRATION_WITNESS_NO_REPAIR
9047210,True,0,24,0,24,UNASSIGNED,UNASSIGNED,False,False,False,False,False,0,0,0.0,True,True,True,True,ORIGINAL_RSP_PLUS_ORIGINAL_MIGRATION_WITNESS_NO_REPAIR
9047211,True,0,24,0,24,UNASSIGNED,UNASSIGNED,False,False,False,False,False,0,0,0.0,True,True,True,True,ORIGINAL_RSP_PLUS_ORIGINAL_MIGRATION_WITNESS_NO_REPAIR
9047212,True,0,24,0,24,UNASSIGNED,UNASSIGNED,False,False,False,False,False,0,0,0.0,True,True,True,True,ORIGINAL_RSP_PLUS_ORIGINAL_MIGRATION_WITNESS_NO_REPAIR
9047213,True,0,24,0,24,UNASSIGNED,UNASSIGNED,False,False,False,False,False,0,0,0.0,True,True,True,True,ORIGINAL_RSP_PLUS_ORIGINAL_MIGRATION_WITNESS_NO_REPAIR
9047214,True,0,24,0,24,UNASSIGNED,UNASSIGNED,False,False,False,False,False,0,0,0.0,True,True,True,True,ORIGINAL_RSP_PLUS_ORIGINAL_MIGRATION_WITNESS_NO_REPAIR
9047215,True,0,24,0,24,UNASSIGNED,UNASSIGNED,False,False,False,False,False,0,0,0.0,True,True,True,True,ORIGINAL_RSP_PLUS_ORIGINAL_MIGRATION_WITNESS_NO_REPAIR
9047216,True,0,24,0,24,UNASSIGNED,UNASSIGNED,False,False,False,False,False,0,0,0.0,True,True,True,True,ORIGINAL_RSP_PLUS_ORIGINAL_MIGRATION_WITNESS_NO_REPAIR
9047217,True,0,24,0,24,UNASSIGNED,UNASSIGNED,False,False,False,False,False,0,0,0.0,True,True,True,True,ORIGINAL_RSP_PLUS_ORIGINAL_MIGRATION_WITNESS_NO_REPAIR
9047218,True,0,24,0,24,UNASSIGNED,UNASSIGNED,False,False,False,False,False,0,0,0.0,True,True,True,True,ORIGINAL_RSP_PLUS_ORIGINAL_MIGRATION_WITNESS_NO_REPAIR
9047219,True,0,24,0,24,UNASSIGNED,UNASSIGNED,False,False,False,False,False,0,0,0.0,True,True,True,True,ORIGINAL_RSP_PLUS_ORIGINAL_MIGRATION_WITNESS_NO_REPAIR
9047220,True,0,24,0,24,UNASSIGNED,UNASSIGNED,False,False,False,False,False,0,0,0.0,True,True,True,True,ORIGINAL_RSP_PLUS_ORIGINAL_MIGRATION_WITNESS_NO_REPAIR
9047221,True,0,24,0,24,UNASSIGNED,UNASSIGNED,False,False,False,False,False,0,0,0.0,True,True,True,True,ORIGINAL_RSP_PLUS_ORIGINAL_MIGRATION_WITNESS_NO_REPAIR
9047222,True,0,24,0,24,UNASSIGNED,UNASSIGNED,False,False,False,False,False,0,0,0.0,True,True,True,True,ORIGINAL_RSP_PLUS_ORIGINAL_MIGRATION_WITNESS_NO_REPAIR
9047223,True,2,26,2,26,UNASSIGNED,UNASSIGNED,False,False,False,False,False,0,0,0.0,True,True,True,True,ORIGINAL_RSP_PLUS_ORIGINAL_MIGRATION_WITNESS_NO_REPAIR
9047224,True,2,26,2,26,UNASSIGNED,UNASSIGNED,False,False,False,False,False,0,0,0.0,True,True,True,True,ORIGINAL_RSP_PLUS_ORIGINAL_MIGRATION_WITNESS_NO_REPAIR
9047225,True,2,26,2,26,UNASSIGNED,UNASSIGNED,False,False,False,False,False,0,0,0.0,True,True,True,True,ORIGINAL_RSP_PLUS_ORIGINAL_MIGRATION_WITNESS_NO_REPAIR
9047226,True,2,26,2,26,UNASSIGNED,UNASSIGNED,False,False,False,False,False,0,0,0.0,True,True,True,True,ORIGINAL_RSP_PLUS_ORIGINAL_MIGRATION_WITNESS_NO_REPAIR
9047227,True,2,26,2,26,UNASSIGNED,UNASSIGNED,False,False,False,False,False,0,0,0.0,True,True,True,True,ORIGINAL_RSP_PLUS_ORIGINAL_MIGRATION_WITNESS_NO_REPAIR
9047228,True,2,26,2,26,UNASSIGNED,UNASSIGNED,False,False,False,False,False,0,0,0.0,True,True,True,True,ORIGINAL_RSP_PLUS_ORIGINAL_MIGRATION_WITNESS_NO_REPAIR
9047229,True,2,26,2,26,UNASSIGNED,UNASSIGNED,False,False,False,False,False,0,0,0.0,True,True,True,True,ORIGINAL_RSP_PLUS_ORIGINAL_MIGRATION_WITNESS_NO_REPAIR
9047230,True,2,26,2,26,UNASSIGNED,UNASSIGNED,False,False,False,False,False,0,0,0.0,True,True,True,True,ORIGINAL_RSP_PLUS_ORIGINAL_MIGRATION_WITNESS_NO_REPAIR
9047231,True,2,26,2,26,UNASSIGNED,UNASSIGNED,False,False,False,False,False,0,0,0.0,True,True,True,True,ORIGINAL_RSP_PLUS_ORIGINAL_MIGRATION_WITNESS_NO_REPAIR
9047232,True,2,26,2,26,UNASSIGNED,UNASSIGNED,False,False,False,False,False,0,0,0.0,True,True,True,True,ORIGINAL_RSP_PLUS_ORIGINAL_MIGRATION_WITNESS_NO_REPAIR
9047233,True,2,26,2,26,UNASSIGNED,UNASSIGNED,False,False,False,False,False,0,0,0.0,True,True,True,True,ORIGINAL_RSP_PLUS_ORIGINAL_MIGRATION_WITNESS_NO_REPAIR
9047234,True,2,26,2,26,UNASSIGNED,UNASSIGNED,False,False,False,False,False,0,0,0.0,True,True,True,True,ORIGINAL_RSP_PLUS_ORIGINAL_MIGRATION_WITNESS_NO_REPAIR
9047235,True,2,26,2,26,UNASSIGNED,UNASSIGNED,False,False,False,False,False,0,0,0.0,True,True,True,True,ORIGINAL_RSP_PLUS_ORIGINAL_MIGRATION_WITNESS_NO_REPAIR
9047236,True,2,26,2,26,UNASSIGNED,UNASSIGNED,False,False,False,False,False,0,0,0.0,True,True,True,True,ORIGINAL_RSP_PLUS_ORIGINAL_MIGRATION_WITNESS_NO_REPAIR
9047237,True,2,26,2,26,UNASSIGNED,UNASSIGNED,False,False,False,False,False,0,0,0.0,True,True,True,True,ORIGINAL_RSP_PLUS_ORIGINAL_MIGRATION_WITNESS_NO_REPAIR
9047238,True,2,26,2,26,UNASSIGNED,UNASSIGNED,False,False,False,False,False,0,0,0.0,True,True,True,True,ORIGINAL_RSP_PLUS_ORIGINAL_MIGRATION_WITNESS_NO_REPAIR
9047239,True,2,26,2,26,UNASSIGNED,UNASSIGNED,False,False,False,False,False,0,0,0.0,True,True,True,True,ORIGINAL_RSP_PLUS_ORIGINAL_MIGRATION_WITNESS_NO_REPAIR
9047240,True,2,26,2,26,UNASSIGNED,UNASSIGNED,False,False,False,False,False,0,0,0.0,True,True,True,True,ORIGINAL_RSP_PLUS_ORIGINAL_MIGRATION_WITNESS_NO_REPAIR
9047241,True,2,26,2,26,UNASSIGNED,UNASSIGNED,False,False,False,False,False,0,0,0.0,True,True,True,True,ORIGINAL_RSP_PLUS_ORIGINAL_MIGRATION_WITNESS_NO_REPAIR
9047242,True,2,26,2,26,UNASSIGNED,UNASSIGNED,False,False,False,False,False,0,0,0.0,True,True,True,True,ORIGINAL_RSP_PLUS_ORIGINAL_MIGRATION_WITNESS_NO_REPAIR
9047243,True,2,26,2,26,UNASSIGNED,UNASSIGNED,False,False,False,False,False,0,0,0.0,True,True,True,True,ORIGINAL_RSP_PLUS_ORIGINAL_MIGRATION_WITNESS_NO_REPAIR
9047244,True,2,26,2,26,UNASSIGNED,UNASSIGNED,False,False,False,False,False,0,0,0.0,True,True,True,True,ORIGINAL_RSP_PLUS_ORIGINAL_MIGRATION_WITNESS_NO_REPAIR
9047245,True,2,26,2,26,UNASSIGNED,UNASSIGNED,False,False,False,False,False,0,0,0.0,True,True,True,True,ORIGINAL_RSP_PLUS_ORIGINAL_MIGRATION_WITNESS_NO_REPAIR
9047246,True,2,26,2,26,UNASSIGNED,UNASSIGNED,False,False,False,False,False,0,0,0.0,True,True,True,True,ORIGINAL_RSP_PLUS_ORIGINAL_MIGRATION_WITNESS_NO_REPAIR
9047247,True,2,26,2,26,UNASSIGNED,UNASSIGNED,False,False,False,False,False,0,0,0.0,True,True,True,True,ORIGINAL_RSP_PLUS_ORIGINAL_MIGRATION_WITNESS_NO_REPAIR
9047248,True,2,26,2,26,UNASSIGNED,UNASSIGNED,False,False,False,False,False,0,0,0.0,True,True,True,True,ORIGINAL_RSP_PLUS_ORIGINAL_MIGRATION_WITNESS_NO_REPAIR
9047249,True,2,26,2,26,UNASSIGNED,UNASSIGNED,False,False,False,False,False,0,0,0.0,True,True,True,True,ORIGINAL_RSP_PLUS_ORIGINAL_MIGRATION_WITNESS_NO_REPAIR
9047250,True,2,26,2,26,UNASSIGNED,UNASSIGNED,False,False,False,False,False,0,0,0.0,True,True,True,True,ORIGINAL_RSP_PLUS_ORIGINAL_MIGRATION_WITNESS_NO_REPAIR
9047251,True,2,26,2,26,UNASSIGNED,UNASSIGNED,False,False,False,False,False,0,0,0.0,True,True,True,True,ORIGINAL_RSP_PLUS_ORIGINAL_MIGRATION_WITNESS_NO_REPAIR
9047252,True,2,26,2,26,UNASSIGNED,UNASSIGNED,False,False,False,False,False,0,0,0.0,True,True,True,True,ORIGINAL_RSP_PLUS_ORIGINAL_MIGRATION_WITNESS_NO_REPAIR
9047253,True,2,26,2,26,UNASSIGNED,UNASSIGNED,False,False,False,False,False,0,0,0.0,True,True,True,True,ORIGINAL_RSP_PLUS_ORIGINAL_MIGRATION_WITNESS_NO_REPAIR
9047254,True,2,26,2,26,UNASSIGNED,UNASSIGNED,False,False,False,False,False,0,0,0.0,True,True,True,True,ORIGINAL_RSP_PLUS_ORIGINAL_MIGRATION_WITNESS_NO_REPAIR
9047255,True,4,28,4,28,UNASSIGNED,UNASSIGNED,False,False,False,False,False,0,0,0.0,True,True,True,True,ORIGINAL_RSP_PLUS_ORIGINAL_MIGRATION_WITNESS_NO_REPAIR
9047256,True,4,28,4,28,UNASSIGNED,UNASSIGNED,False,False,False,False,False,0,0,0.0,True,True,True,True,ORIGINAL_RSP_PLUS_ORIGINAL_MIGRATION_WITNESS_NO_REPAIR
9047257,True,4,28,4,28,UNASSIGNED,UNASSIGNED,False,False,False,False,False,0,0,0.0,True,True,True,True,ORIGINAL_RSP_PLUS_ORIGINAL_MIGRATION_WITNESS_NO_REPAIR
9047258,True,4,28,4,28,UNASSIGNED,UNASSIGNED,False,False,False,False,False,0,0,0.0,True,True,True,True,ORIGINAL_RSP_PLUS_ORIGINAL_MIGRATION_WITNESS_NO_REPAIR
9047259,True,4,28,4,28,UNASSIGNED,UNASSIGNED,False,False,False,False,False,0,0,0.0,True,True,True,True,ORIGINAL_RSP_PLUS_ORIGINAL_MIGRATION_WITNESS_NO_REPAIR
9047260,True,4,28,4,28,UNASSIGNED,UNASSIGNED,False,False,False,False,False,0,0,0.0,True,True,True,True,ORIGINAL_RSP_PLUS_ORIGINAL_MIGRATION_WITNESS_NO_REPAIR
9047261,True,4,28,4,28,UNASSIGNED,UNASSIGNED,False,False,False,False,False,0,0,0.0,True,True,True,True,ORIGINAL_RSP_PLUS_ORIGINAL_MIGRATION_WITNESS_NO_REPAIR
9047262,True,4,28,4,28,UNASSIGNED,UNASSIGNED,False,False,False,False,False,0,0,0.0,True,True,True,True,ORIGINAL_RSP_PLUS_ORIGINAL_MIGRATION_WITNESS_NO_REPAIR
9047263,True,4,28,4,28,UNASSIGNED,UNASSIGNED,False,False,False,False,False,0,0,0.0,True,True,True,True,ORIGINAL_RSP_PLUS_ORIGINAL_MIGRATION_WITNESS_NO_REPAIR
9047264,True,4,28,4,28,UNASSIGNED,UNASSIGNED,False,False,False,False,False,0,0,0.0,True,True,True,True,ORIGINAL_RSP_PLUS_ORIGINAL_MIGRATION_WITNESS_NO_REPAIR
9047265,True,4,28,4,28,UNASSIGNED,UNASSIGNED,False,False,False,False,False,0,0,0.0,True,True,True,True,ORIGINAL_RSP_PLUS_ORIGINAL_MIGRATION_WITNESS_NO_REPAIR
9047266,True,4,28,4,28,UNASSIGNED,UNASSIGNED,False,False,False,False,False,0,0,0.0,True,True,True,True,ORIGINAL_RSP_PLUS_ORIGINAL_MIGRATION_WITNESS_NO_REPAIR
9047267,True,4,28,4,28,UNASSIGNED,UNASSIGNED,False,False,False,False,False,0,0,0.0,True,True,True,True,ORIGINAL_RSP_PLUS_ORIGINAL_MIGRATION_WITNESS_NO_REPAIR
9047268,True,4,28,4,28,UNASSIGNED,UNASSIGNED,False,False,False,False,False,0,0,0.0,True,True,True,True,ORIGINAL_RSP_PLUS_ORIGINAL_MIGRATION_WITNESS_NO_REPAIR
9047269,True,4,28,4,28,UNASSIGNED,UNASSIGNED,False,False,False,False,False,0,0,0.0,True,True,True,True,ORIGINAL_RSP_PLUS_ORIGINAL_MIGRATION_WITNESS_NO_REPAIR
9047270,True,4,28,4,28,UNASSIGNED,UNASSIGNED,False,False,False,False,False,0,0,0.0,True,True,True,True,ORIGINAL_RSP_PLUS_ORIGINAL_MIGRATION_WITNESS_NO_REPAIR
9047271,True,8,32,8,32,UNASSIGNED,UNASSIGNED,False,False,False,False,False,0,0,0.0,True,True,True,True,ORIGINAL_RSP_PLUS_ORIGINAL_MIGRATION_WITNESS_NO_REPAIR
9047272,True,8,32,8,32,UNASSIGNED,UNASSIGNED,False,False,False,False,False,0,0,0.0,True,True,True,True,ORIGINAL_RSP_PLUS_ORIGINAL_MIGRATION_WITNESS_NO_REPAIR
9047273,True,8,32,8,32,UNASSIGNED,UNASSIGNED,False,False,False,False,False,0,0,0.0,True,True,True,True,ORIGINAL_RSP_PLUS_ORIGINAL_MIGRATION_WITNESS_NO_REPAIR
9047274,True,8,32,8,32,UNASSIGNED,UNASSIGNED,False,False,False,False,False,0,0,0.0,True,True,True,True,ORIGINAL_RSP_PLUS_ORIGINAL_MIGRATION_WITNESS_NO_REPAIR
9047275,True,12,36,12,36,UNASSIGNED,UNASSIGNED,False,False,False,False,False,0,0,0.0,True,True,True,True,ORIGINAL_RSP_PLUS_ORIGINAL_MIGRATION_WITNESS_NO_REPAIR
9047276,True,13,37,13,37,UNASSIGNED,UNASSIGNED,False,False,False,False,False,0,0,0.0,True,True,True,True,ORIGINAL_RSP_PLUS_ORIGINAL_MIGRATION_WITNESS_NO_REPAIR
9058078,False,0,31,0,31,UNASSIGNED,UNASSIGNED,False,False,False,False,False,0,0,0.0,True,True,True,True,ORIGINAL_RSP_PLUS_ORIGINAL_MIGRATION_WITNESS_NO_REPAIR
9061179,False,0,56,0,56,UNASSIGNED,UNASSIGNED,False,False,False,False,False,0,0,0.0,True,True,True,True,ORIGINAL_RSP_PLUS_ORIGINAL_MIGRATION_WITNESS_NO_REPAIR
9062285,False,0,36,0,36,UNASSIGNED,UNASSIGNED,False,False,False,False,False,0,0,0.0,True,True,True,True,ORIGINAL_RSP_PLUS_ORIGINAL_MIGRATION_WITNESS_NO_REPAIR
9062295,False,0,55,0,55,UNASSIGNED,UNASSIGNED,False,False,False,False,False,0,0,0.0,True,True,True,True,ORIGINAL_RSP_PLUS_ORIGINAL_MIGRATION_WITNESS_NO_REPAIR
9062326,False,0,143,0,143,AIDC03,AIDC03,False,False,False,False,False,736,736,0.0,True,True,True,True,ORIGINAL_RSP_PLUS_ORIGINAL_MIGRATION_WITNESS_NO_REPAIR
9062338,False,0,175,0,175,AIDC06,AIDC06,False,False,False,False,False,1760,1760,0.0,True,True,True,True,ORIGINAL_RSP_PLUS_ORIGINAL_MIGRATION_WITNESS_NO_REPAIR
9062339,False,0,182,0,182,AIDC06,AIDC06,False,False,False,False,False,1984,1984,0.0,True,True,True,True,ORIGINAL_RSP_PLUS_ORIGINAL_MIGRATION_WITNESS_NO_REPAIR
9062340,False,0,183,0,183,AIDC07,AIDC07,False,False,False,False,False,2016,2016,0.0,True,True,True,True,ORIGINAL_RSP_PLUS_ORIGINAL_MIGRATION_WITNESS_NO_REPAIR
9062341,False,0,185,0,185,AIDC11,AIDC11,False,False,False,False,False,2080,2080,0.0,True,True,True,True,ORIGINAL_RSP_PLUS_ORIGINAL_MIGRATION_WITNESS_NO_REPAIR
9062342,False,0,186,0,186,AIDC12,AIDC12,False,False,False,False,False,2112,2112,0.0,True,True,True,True,ORIGINAL_RSP_PLUS_ORIGINAL_MIGRATION_WITNESS_NO_REPAIR
9062343,True,24,109,24,109,UNASSIGNED,UNASSIGNED,False,False,False,False,False,0,0,0.0,True,True,True,True,ORIGINAL_RSP_PLUS_ORIGINAL_MIGRATION_WITNESS_NO_REPAIR
9062344,True,24,109,24,109,UNASSIGNED,UNASSIGNED,False,False,False,False,False,0,0,0.0,True,True,True,True,ORIGINAL_RSP_PLUS_ORIGINAL_MIGRATION_WITNESS_NO_REPAIR
9062345,True,26,111,26,111,UNASSIGNED,UNASSIGNED,False,False,False,False,False,0,0,0.0,True,True,True,True,ORIGINAL_RSP_PLUS_ORIGINAL_MIGRATION_WITNESS_NO_REPAIR
9062346,True,31,116,31,116,UNASSIGNED,UNASSIGNED,False,False,False,False,False,0,0,0.0,True,True,True,True,ORIGINAL_RSP_PLUS_ORIGINAL_MIGRATION_WITNESS_NO_REPAIR
9062347,False,36,121,36,121,AIDC12,AIDC12,False,False,False,False,False,32,32,0.0,True,True,True,True,ORIGINAL_RSP_PLUS_ORIGINAL_MIGRATION_WITNESS_NO_REPAIR
9062348,False,55,140,55,140,AIDC10,AIDC10,False,False,False,False,False,640,640,0.0,True,True,True,True,ORIGINAL_RSP_PLUS_ORIGINAL_MIGRATION_WITNESS_NO_REPAIR
9062349,False,81,166,81,166,AIDC10,AIDC10,False,False,False,False,False,1472,1472,0.0,True,True,True,True,ORIGINAL_RSP_PLUS_ORIGINAL_MIGRATION_WITNESS_NO_REPAIR
9062350,False,109,194,109,194,AIDC08,AIDC08,False,False,False,False,False,2368,2368,0.0,True,True,True,True,ORIGINAL_RSP_PLUS_ORIGINAL_MIGRATION_WITNESS_NO_REPAIR
9062351,False,109,194,109,194,AIDC08,AIDC08,False,False,False,False,False,2368,2368,0.0,True,True,True,True,ORIGINAL_RSP_PLUS_ORIGINAL_MIGRATION_WITNESS_NO_REPAIR
9062352,False,111,196,111,196,AIDC03,AIDC03,False,False,False,False,False,2432,2432,0.0,True,True,True,True,ORIGINAL_RSP_PLUS_ORIGINAL_MIGRATION_WITNESS_NO_REPAIR
9062353,False,116,201,116,201,AIDC02,AIDC02,False,False,False,False,False,2592,2592,0.0,True,True,True,True,ORIGINAL_RSP_PLUS_ORIGINAL_MIGRATION_WITNESS_NO_REPAIR
9062354,False,121,206,121,206,UNASSIGNED,UNASSIGNED,False,False,False,False,False,2720,2720,0.0,True,True,True,True,ORIGINAL_RSP_PLUS_ORIGINAL_MIGRATION_WITNESS_NO_REPAIR
9062355,False,123,208,123,208,UNASSIGNED,UNASSIGNED,False,False,False,False,False,2720,2720,0.0,True,True,True,True,ORIGINAL_RSP_PLUS_ORIGINAL_MIGRATION_WITNESS_NO_REPAIR
9062356,False,140,225,140,225,UNASSIGNED,UNASSIGNED,False,False,False,False,False,2720,2720,0.0,True,True,True,True,ORIGINAL_RSP_PLUS_ORIGINAL_MIGRATION_WITNESS_NO_REPAIR
9062357,False,140,225,140,225,UNASSIGNED,UNASSIGNED,False,False,False,False,False,2720,2720,0.0,True,True,True,True,ORIGINAL_RSP_PLUS_ORIGINAL_MIGRATION_WITNESS_NO_REPAIR
9062358,False,143,228,143,228,UNASSIGNED,UNASSIGNED,False,False,False,False,False,2720,2720,0.0,True,True,True,True,ORIGINAL_RSP_PLUS_ORIGINAL_MIGRATION_WITNESS_NO_REPAIR
9062359,False,160,245,160,245,UNASSIGNED,UNASSIGNED,False,False,False,False,False,2720,2720,0.0,True,True,True,True,ORIGINAL_RSP_PLUS_ORIGINAL_MIGRATION_WITNESS_NO_REPAIR
9062360,False,160,245,160,245,UNASSIGNED,UNASSIGNED,False,False,False,False,False,2720,2720,0.0,True,True,True,True,ORIGINAL_RSP_PLUS_ORIGINAL_MIGRATION_WITNESS_NO_REPAIR
9062361,False,166,251,166,251,UNASSIGNED,UNASSIGNED,False,False,False,False,False,2720,2720,0.0,True,True,True,True,ORIGINAL_RSP_PLUS_ORIGINAL_MIGRATION_WITNESS_NO_REPAIR
9062362,False,175,260,175,260,UNASSIGNED,UNASSIGNED,False,False,False,False,False,2720,2720,0.0,True,True,True,True,ORIGINAL_RSP_PLUS_ORIGINAL_MIGRATION_WITNESS_NO_REPAIR
9062363,False,182,267,182,267,UNASSIGNED,UNASSIGNED,False,False,False,False,False,2720,2720,0.0,True,True,True,True,ORIGINAL_RSP_PLUS_ORIGINAL_MIGRATION_WITNESS_NO_REPAIR
9062364,False,183,268,183,268,UNASSIGNED,UNASSIGNED,False,False,False,False,False,2720,2720,0.0,True,True,True,True,ORIGINAL_RSP_PLUS_ORIGINAL_MIGRATION_WITNESS_NO_REPAIR
9062365,False,185,270,185,270,UNASSIGNED,UNASSIGNED,False,False,False,False,False,2720,2720,0.0,True,True,True,True,ORIGINAL_RSP_PLUS_ORIGINAL_MIGRATION_WITNESS_NO_REPAIR
9062366,False,186,271,186,271,UNASSIGNED,UNASSIGNED,False,False,False,False,False,2720,2720,0.0,True,True,True,True,ORIGINAL_RSP_PLUS_ORIGINAL_MIGRATION_WITNESS_NO_REPAIR
9062367,False,194,279,194,279,UNASSIGNED,UNASSIGNED,False,False,False,False,False,2720,2720,0.0,True,True,True,True,ORIGINAL_RSP_PLUS_ORIGINAL_MIGRATION_WITNESS_NO_REPAIR
9062368,False,194,279,194,279,UNASSIGNED,UNASSIGNED,False,False,False,False,False,2720,2720,0.0,True,True,True,True,ORIGINAL_RSP_PLUS_ORIGINAL_MIGRATION_WITNESS_NO_REPAIR
9062369,False,196,281,196,281,UNASSIGNED,UNASSIGNED,False,False,False,False,False,2720,2720,0.0,True,True,True,True,ORIGINAL_RSP_PLUS_ORIGINAL_MIGRATION_WITNESS_NO_REPAIR
9062370,False,201,286,201,286,UNASSIGNED,UNASSIGNED,False,False,False,False,False,2720,2720,0.0,True,True,True,True,ORIGINAL_RSP_PLUS_ORIGINAL_MIGRATION_WITNESS_NO_REPAIR
9062371,False,206,291,206,291,UNASSIGNED,UNASSIGNED,False,False,False,False,False,2720,2720,0.0,True,True,True,True,ORIGINAL_RSP_PLUS_ORIGINAL_MIGRATION_WITNESS_NO_REPAIR
9062372,False,208,293,208,293,UNASSIGNED,UNASSIGNED,False,False,False,False,False,2720,2720,0.0,True,True,True,True,ORIGINAL_RSP_PLUS_ORIGINAL_MIGRATION_WITNESS_NO_REPAIR
9062373,False,225,310,225,310,UNASSIGNED,UNASSIGNED,False,False,False,False,False,2720,2720,0.0,True,True,True,True,ORIGINAL_RSP_PLUS_ORIGINAL_MIGRATION_WITNESS_NO_REPAIR
9062374,False,225,310,225,310,UNASSIGNED,UNASSIGNED,False,False,False,False,False,2720,2720,0.0,True,True,True,True,ORIGINAL_RSP_PLUS_ORIGINAL_MIGRATION_WITNESS_NO_REPAIR
9062375,False,228,313,228,313,UNASSIGNED,UNASSIGNED,False,False,False,False,False,2720,2720,0.0,True,True,True,True,ORIGINAL_RSP_PLUS_ORIGINAL_MIGRATION_WITNESS_NO_REPAIR
9062376,False,245,330,245,330,UNASSIGNED,UNASSIGNED,False,False,False,False,False,2720,2720,0.0,True,True,True,True,ORIGINAL_RSP_PLUS_ORIGINAL_MIGRATION_WITNESS_NO_REPAIR
9062377,False,245,330,245,330,UNASSIGNED,UNASSIGNED,False,False,False,False,False,2720,2720,0.0,True,True,True,True,ORIGINAL_RSP_PLUS_ORIGINAL_MIGRATION_WITNESS_NO_REPAIR
9062378,False,251,336,251,336,UNASSIGNED,UNASSIGNED,False,False,False,False,False,2720,2720,0.0,True,True,True,True,ORIGINAL_RSP_PLUS_ORIGINAL_MIGRATION_WITNESS_NO_REPAIR
9062379,False,260,345,260,345,UNASSIGNED,UNASSIGNED,False,False,False,False,False,2720,2720,0.0,True,True,True,True,ORIGINAL_RSP_PLUS_ORIGINAL_MIGRATION_WITNESS_NO_REPAIR
9062380,False,267,352,267,352,UNASSIGNED,UNASSIGNED,False,False,False,False,False,2720,2720,0.0,True,True,True,True,ORIGINAL_RSP_PLUS_ORIGINAL_MIGRATION_WITNESS_NO_REPAIR
9062381,False,268,353,268,353,UNASSIGNED,UNASSIGNED,False,False,False,False,False,2720,2720,0.0,True,True,True,True,ORIGINAL_RSP_PLUS_ORIGINAL_MIGRATION_WITNESS_NO_REPAIR
9062382,False,270,355,270,355,UNASSIGNED,UNASSIGNED,False,False,False,False,False,2720,2720,0.0,True,True,True,True,ORIGINAL_RSP_PLUS_ORIGINAL_MIGRATION_WITNESS_NO_REPAIR
9062383,False,271,356,271,356,UNASSIGNED,UNASSIGNED,False,False,False,False,False,2720,2720,0.0,True,True,True,True,ORIGINAL_RSP_PLUS_ORIGINAL_MIGRATION_WITNESS_NO_REPAIR
9062384,False,279,364,279,364,UNASSIGNED,UNASSIGNED,False,False,False,False,False,2720,2720,0.0,True,True,True,True,ORIGINAL_RSP_PLUS_ORIGINAL_MIGRATION_WITNESS_NO_REPAIR
9062385,False,279,364,279,364,UNASSIGNED,UNASSIGNED,False,False,False,False,False,2720,2720,0.0,True,True,True,True,ORIGINAL_RSP_PLUS_ORIGINAL_MIGRATION_WITNESS_NO_REPAIR
9062386,False,281,366,281,366,UNASSIGNED,UNASSIGNED,False,False,False,False,False,2720,2720,0.0,True,True,True,True,ORIGINAL_RSP_PLUS_ORIGINAL_MIGRATION_WITNESS_NO_REPAIR
9062387,False,286,371,286,371,UNASSIGNED,UNASSIGNED,False,False,False,False,False,2720,2720,0.0,True,True,True,True,ORIGINAL_RSP_PLUS_ORIGINAL_MIGRATION_WITNESS_NO_REPAIR
9062388,False,291,376,291,376,UNASSIGNED,UNASSIGNED,False,False,False,False,False,2720,2720,0.0,True,True,True,True,ORIGINAL_RSP_PLUS_ORIGINAL_MIGRATION_WITNESS_NO_REPAIR
9062389,False,293,378,293,378,UNASSIGNED,UNASSIGNED,False,False,False,False,False,2720,2720,0.0,True,True,True,True,ORIGINAL_RSP_PLUS_ORIGINAL_MIGRATION_WITNESS_NO_REPAIR
9062390,False,310,395,310,395,UNASSIGNED,UNASSIGNED,False,False,False,False,False,2720,2720,0.0,True,True,True,True,ORIGINAL_RSP_PLUS_ORIGINAL_MIGRATION_WITNESS_NO_REPAIR
9062391,False,310,395,310,395,UNASSIGNED,UNASSIGNED,False,False,False,False,False,2720,2720,0.0,True,True,True,True,ORIGINAL_RSP_PLUS_ORIGINAL_MIGRATION_WITNESS_NO_REPAIR
9062392,False,313,398,313,398,UNASSIGNED,UNASSIGNED,False,False,False,False,False,2720,2720,0.0,True,True,True,True,ORIGINAL_RSP_PLUS_ORIGINAL_MIGRATION_WITNESS_NO_REPAIR
9062393,False,330,415,330,415,UNASSIGNED,UNASSIGNED,False,False,False,False,False,2720,2720,0.0,True,True,True,True,ORIGINAL_RSP_PLUS_ORIGINAL_MIGRATION_WITNESS_NO_REPAIR
9062394,False,330,415,330,415,UNASSIGNED,UNASSIGNED,False,False,False,False,False,2720,2720,0.0,True,True,True,True,ORIGINAL_RSP_PLUS_ORIGINAL_MIGRATION_WITNESS_NO_REPAIR
9062395,False,336,421,336,421,UNASSIGNED,UNASSIGNED,False,False,False,False,False,2720,2720,0.0,True,True,True,True,ORIGINAL_RSP_PLUS_ORIGINAL_MIGRATION_WITNESS_NO_REPAIR
9062396,False,345,430,345,430,UNASSIGNED,UNASSIGNED,False,False,False,False,False,2720,2720,0.0,True,True,True,True,ORIGINAL_RSP_PLUS_ORIGINAL_MIGRATION_WITNESS_NO_REPAIR
9062397,False,352,437,352,437,UNASSIGNED,UNASSIGNED,False,False,False,False,False,2720,2720,0.0,True,True,True,True,ORIGINAL_RSP_PLUS_ORIGINAL_MIGRATION_WITNESS_NO_REPAIR
9062398,False,353,438,353,438,UNASSIGNED,UNASSIGNED,False,False,False,False,False,2720,2720,0.0,True,True,True,True,ORIGINAL_RSP_PLUS_ORIGINAL_MIGRATION_WITNESS_NO_REPAIR
9062399,False,355,440,355,440,UNASSIGNED,UNASSIGNED,False,False,False,False,False,2720,2720,0.0,True,True,True,True,ORIGINAL_RSP_PLUS_ORIGINAL_MIGRATION_WITNESS_NO_REPAIR
9062401,False,356,441,356,441,UNASSIGNED,UNASSIGNED,False,False,False,False,False,2720,2720,0.0,True,True,True,True,ORIGINAL_RSP_PLUS_ORIGINAL_MIGRATION_WITNESS_NO_REPAIR
9062402,False,364,449,364,449,UNASSIGNED,UNASSIGNED,False,False,False,False,False,2720,2720,0.0,True,True,True,True,ORIGINAL_RSP_PLUS_ORIGINAL_MIGRATION_WITNESS_NO_REPAIR
9062403,False,364,449,364,449,UNASSIGNED,UNASSIGNED,False,False,False,False,False,2720,2720,0.0,True,True,True,True,ORIGINAL_RSP_PLUS_ORIGINAL_MIGRATION_WITNESS_NO_REPAIR
9062404,False,366,451,366,451,UNASSIGNED,UNASSIGNED,False,False,False,False,False,2720,2720,0.0,True,True,True,True,ORIGINAL_RSP_PLUS_ORIGINAL_MIGRATION_WITNESS_NO_REPAIR
9062405,False,371,456,371,456,UNASSIGNED,UNASSIGNED,False,False,False,False,False,2720,2720,0.0,True,True,True,True,ORIGINAL_RSP_PLUS_ORIGINAL_MIGRATION_WITNESS_NO_REPAIR
9062406,False,376,461,376,461,UNASSIGNED,UNASSIGNED,False,False,False,False,False,2720,2720,0.0,True,True,True,True,ORIGINAL_RSP_PLUS_ORIGINAL_MIGRATION_WITNESS_NO_REPAIR
9062407,False,378,463,378,463,UNASSIGNED,UNASSIGNED,False,False,False,False,False,2720,2720,0.0,True,True,True,True,ORIGINAL_RSP_PLUS_ORIGINAL_MIGRATION_WITNESS_NO_REPAIR
9062408,False,395,480,395,480,UNASSIGNED,UNASSIGNED,False,False,False,False,False,2720,2720,0.0,True,True,True,True,ORIGINAL_RSP_PLUS_ORIGINAL_MIGRATION_WITNESS_NO_REPAIR
9062409,False,395,480,395,480,UNASSIGNED,UNASSIGNED,False,False,False,False,False,2720,2720,0.0,True,True,True,True,ORIGINAL_RSP_PLUS_ORIGINAL_MIGRATION_WITNESS_NO_REPAIR
9062411,False,398,483,398,483,UNASSIGNED,UNASSIGNED,False,False,False,False,False,2720,2720,0.0,True,True,True,True,ORIGINAL_RSP_PLUS_ORIGINAL_MIGRATION_WITNESS_NO_REPAIR
9062413,False,415,500,415,500,UNASSIGNED,UNASSIGNED,False,False,False,False,False,2720,2720,0.0,True,True,True,True,ORIGINAL_RSP_PLUS_ORIGINAL_MIGRATION_WITNESS_NO_REPAIR
9062414,False,415,500,415,500,UNASSIGNED,UNASSIGNED,False,False,False,False,False,2720,2720,0.0,True,True,True,True,ORIGINAL_RSP_PLUS_ORIGINAL_MIGRATION_WITNESS_NO_REPAIR
9062416,False,421,506,421,506,UNASSIGNED,UNASSIGNED,False,False,False,False,False,2720,2720,0.0,True,True,True,True,ORIGINAL_RSP_PLUS_ORIGINAL_MIGRATION_WITNESS_NO_REPAIR
9062418,False,430,515,430,515,UNASSIGNED,UNASSIGNED,False,False,False,False,False,2720,2720,0.0,True,True,True,True,ORIGINAL_RSP_PLUS_ORIGINAL_MIGRATION_WITNESS_NO_REPAIR
9062420,False,437,522,437,522,UNASSIGNED,UNASSIGNED,False,False,False,False,False,2720,2720,0.0,True,True,True,True,ORIGINAL_RSP_PLUS_ORIGINAL_MIGRATION_WITNESS_NO_REPAIR
9062422,False,438,523,438,523,UNASSIGNED,UNASSIGNED,False,False,False,False,False,2720,2720,0.0,True,True,True,True,ORIGINAL_RSP_PLUS_ORIGINAL_MIGRATION_WITNESS_NO_REPAIR
9062423,False,440,525,440,525,UNASSIGNED,UNASSIGNED,False,False,False,False,False,2720,2720,0.0,True,True,True,True,ORIGINAL_RSP_PLUS_ORIGINAL_MIGRATION_WITNESS_NO_REPAIR
9062425,False,441,526,441,526,UNASSIGNED,UNASSIGNED,False,False,False,False,False,2720,2720,0.0,True,True,True,True,ORIGINAL_RSP_PLUS_ORIGINAL_MIGRATION_WITNESS_NO_REPAIR
9062427,False,449,534,449,534,UNASSIGNED,UNASSIGNED,False,False,False,False,False,2720,2720,0.0,True,True,True,True,ORIGINAL_RSP_PLUS_ORIGINAL_MIGRATION_WITNESS_NO_REPAIR
9062428,False,449,534,449,534,UNASSIGNED,UNASSIGNED,False,False,False,False,False,2720,2720,0.0,True,True,True,True,ORIGINAL_RSP_PLUS_ORIGINAL_MIGRATION_WITNESS_NO_REPAIR
9062431,False,451,536,451,536,UNASSIGNED,UNASSIGNED,False,False,False,False,False,2720,2720,0.0,True,True,True,True,ORIGINAL_RSP_PLUS_ORIGINAL_MIGRATION_WITNESS_NO_REPAIR
9062433,False,456,541,456,541,UNASSIGNED,UNASSIGNED,False,False,False,False,False,2720,2720,0.0,True,True,True,True,ORIGINAL_RSP_PLUS_ORIGINAL_MIGRATION_WITNESS_NO_REPAIR
9062435,False,461,546,461,546,UNASSIGNED,UNASSIGNED,False,False,False,False,False,2720,2720,0.0,True,True,True,True,ORIGINAL_RSP_PLUS_ORIGINAL_MIGRATION_WITNESS_NO_REPAIR
9062437,False,463,548,463,548,UNASSIGNED,UNASSIGNED,False,False,False,False,False,2720,2720,0.0,True,True,True,True,ORIGINAL_RSP_PLUS_ORIGINAL_MIGRATION_WITNESS_NO_REPAIR
9062439,False,480,565,480,565,UNASSIGNED,UNASSIGNED,False,False,False,False,False,2720,2720,0.0,True,True,True,True,ORIGINAL_RSP_PLUS_ORIGINAL_MIGRATION_WITNESS_NO_REPAIR
9062441,False,480,565,480,565,UNASSIGNED,UNASSIGNED,False,False,False,False,False,2720,2720,0.0,True,True,True,True,ORIGINAL_RSP_PLUS_ORIGINAL_MIGRATION_WITNESS_NO_REPAIR
9062442,False,483,568,483,568,UNASSIGNED,UNASSIGNED,False,False,False,False,False,2720,2720,0.0,True,True,True,True,ORIGINAL_RSP_PLUS_ORIGINAL_MIGRATION_WITNESS_NO_REPAIR
9062445,False,500,585,500,585,UNASSIGNED,UNASSIGNED,False,False,False,False,False,2720,2720,0.0,True,True,True,True,ORIGINAL_RSP_PLUS_ORIGINAL_MIGRATION_WITNESS_NO_REPAIR
9062447,False,500,585,500,585,UNASSIGNED,UNASSIGNED,False,False,False,False,False,2720,2720,0.0,True,True,True,True,ORIGINAL_RSP_PLUS_ORIGINAL_MIGRATION_WITNESS_NO_REPAIR
9062448,False,506,591,506,591,UNASSIGNED,UNASSIGNED,False,False,False,False,False,2720,2720,0.0,True,True,True,True,ORIGINAL_RSP_PLUS_ORIGINAL_MIGRATION_WITNESS_NO_REPAIR
9062449,False,515,600,515,600,UNASSIGNED,UNASSIGNED,False,False,False,False,False,2720,2720,0.0,True,True,True,True,ORIGINAL_RSP_PLUS_ORIGINAL_MIGRATION_WITNESS_NO_REPAIR
9062450,False,516,601,516,601,UNASSIGNED,UNASSIGNED,False,False,False,False,False,2720,2720,0.0,True,True,True,True,ORIGINAL_RSP_PLUS_ORIGINAL_MIGRATION_WITNESS_NO_REPAIR
9062453,False,522,607,522,607,UNASSIGNED,UNASSIGNED,False,False,False,False,False,2720,2720,0.0,True,True,True,True,ORIGINAL_RSP_PLUS_ORIGINAL_MIGRATION_WITNESS_NO_REPAIR
9062455,False,523,608,523,608,UNASSIGNED,UNASSIGNED,False,False,False,False,False,2720,2720,0.0,True,True,True,True,ORIGINAL_RSP_PLUS_ORIGINAL_MIGRATION_WITNESS_NO_REPAIR
9062457,False,525,610,525,610,UNASSIGNED,UNASSIGNED,False,False,False,False,False,2720,2720,0.0,True,True,True,True,ORIGINAL_RSP_PLUS_ORIGINAL_MIGRATION_WITNESS_NO_REPAIR
9062462,False,526,611,526,611,UNASSIGNED,UNASSIGNED,False,False,False,False,False,2720,2720,0.0,True,True,True,True,ORIGINAL_RSP_PLUS_ORIGINAL_MIGRATION_WITNESS_NO_REPAIR
9062466,False,534,619,534,619,UNASSIGNED,UNASSIGNED,False,False,False,False,False,2720,2720,0.0,True,True,True,True,ORIGINAL_RSP_PLUS_ORIGINAL_MIGRATION_WITNESS_NO_REPAIR
9062469,False,534,619,534,619,UNASSIGNED,UNASSIGNED,False,False,False,False,False,2720,2720,0.0,True,True,True,True,ORIGINAL_RSP_PLUS_ORIGINAL_MIGRATION_WITNESS_NO_REPAIR
9062473,False,536,621,536,621,UNASSIGNED,UNASSIGNED,False,False,False,False,False,2720,2720,0.0,True,True,True,True,ORIGINAL_RSP_PLUS_ORIGINAL_MIGRATION_WITNESS_NO_REPAIR
9062476,False,541,626,541,626,UNASSIGNED,UNASSIGNED,False,False,False,False,False,2720,2720,0.0,True,True,True,True,ORIGINAL_RSP_PLUS_ORIGINAL_MIGRATION_WITNESS_NO_REPAIR
9062479,False,546,631,546,631,UNASSIGNED,UNASSIGNED,False,False,False,False,False,2720,2720,0.0,True,True,True,True,ORIGINAL_RSP_PLUS_ORIGINAL_MIGRATION_WITNESS_NO_REPAIR
9062481,False,548,633,548,633,UNASSIGNED,UNASSIGNED,False,False,False,False,False,2720,2720,0.0,True,True,True,True,ORIGINAL_RSP_PLUS_ORIGINAL_MIGRATION_WITNESS_NO_REPAIR
9062482,False,565,650,565,650,UNASSIGNED,UNASSIGNED,False,False,False,False,False,2720,2720,0.0,True,True,True,True,ORIGINAL_RSP_PLUS_ORIGINAL_MIGRATION_WITNESS_NO_REPAIR
9062485,False,565,650,565,650,UNASSIGNED,UNASSIGNED,False,False,False,False,False,2720,2720,0.0,True,True,True,True,ORIGINAL_RSP_PLUS_ORIGINAL_MIGRATION_WITNESS_NO_REPAIR
9062487,False,568,653,568,653,UNASSIGNED,UNASSIGNED,False,False,False,False,False,2720,2720,0.0,True,True,True,True,ORIGINAL_RSP_PLUS_ORIGINAL_MIGRATION_WITNESS_NO_REPAIR
9062488,False,585,670,585,670,UNASSIGNED,UNASSIGNED,False,False,False,False,False,2720,2720,0.0,True,True,True,True,ORIGINAL_RSP_PLUS_ORIGINAL_MIGRATION_WITNESS_NO_REPAIR
9062492,False,585,670,585,670,UNASSIGNED,UNASSIGNED,False,False,False,False,False,2720,2720,0.0,True,True,True,True,ORIGINAL_RSP_PLUS_ORIGINAL_MIGRATION_WITNESS_NO_REPAIR
9062493,False,591,676,591,676,UNASSIGNED,UNASSIGNED,False,False,False,False,False,2720,2720,0.0,True,True,True,True,ORIGINAL_RSP_PLUS_ORIGINAL_MIGRATION_WITNESS_NO_REPAIR
9062494,False,600,685,600,685,UNASSIGNED,UNASSIGNED,False,False,False,False,False,2720,2720,0.0,True,True,True,True,ORIGINAL_RSP_PLUS_ORIGINAL_MIGRATION_WITNESS_NO_REPAIR
9062495,False,601,686,601,686,UNASSIGNED,UNASSIGNED,False,False,False,False,False,2720,2720,0.0,True,True,True,True,ORIGINAL_RSP_PLUS_ORIGINAL_MIGRATION_WITNESS_NO_REPAIR
9062496,False,607,692,607,692,UNASSIGNED,UNASSIGNED,False,False,False,False,False,2720,2720,0.0,True,True,True,True,ORIGINAL_RSP_PLUS_ORIGINAL_MIGRATION_WITNESS_NO_REPAIR
9062497,False,608,693,608,693,UNASSIGNED,UNASSIGNED,False,False,False,False,False,2720,2720,0.0,True,True,True,True,ORIGINAL_RSP_PLUS_ORIGINAL_MIGRATION_WITNESS_NO_REPAIR
9062498,False,610,695,610,695,UNASSIGNED,UNASSIGNED,False,False,False,False,False,2720,2720,0.0,True,True,True,True,ORIGINAL_RSP_PLUS_ORIGINAL_MIGRATION_WITNESS_NO_REPAIR
9062499,False,611,696,611,696,UNASSIGNED,UNASSIGNED,False,False,False,False,False,2720,2720,0.0,True,True,True,True,ORIGINAL_RSP_PLUS_ORIGINAL_MIGRATION_WITNESS_NO_REPAIR
9062500,False,619,704,619,704,UNASSIGNED,UNASSIGNED,False,False,False,False,False,2720,2720,0.0,True,True,True,True,ORIGINAL_RSP_PLUS_ORIGINAL_MIGRATION_WITNESS_NO_REPAIR
9062501,False,619,704,619,704,UNASSIGNED,UNASSIGNED,False,False,False,False,False,2720,2720,0.0,True,True,True,True,ORIGINAL_RSP_PLUS_ORIGINAL_MIGRATION_WITNESS_NO_REPAIR
9062502,False,621,706,621,706,UNASSIGNED,UNASSIGNED,False,False,False,False,False,2720,2720,0.0,True,True,True,True,ORIGINAL_RSP_PLUS_ORIGINAL_MIGRATION_WITNESS_NO_REPAIR
9062503,False,626,711,626,711,UNASSIGNED,UNASSIGNED,False,False,False,False,False,2720,2720,0.0,True,True,True,True,ORIGINAL_RSP_PLUS_ORIGINAL_MIGRATION_WITNESS_NO_REPAIR
9062504,False,631,716,631,716,UNASSIGNED,UNASSIGNED,False,False,False,False,False,2720,2720,0.0,True,True,True,True,ORIGINAL_RSP_PLUS_ORIGINAL_MIGRATION_WITNESS_NO_REPAIR
9062505,False,633,718,633,718,UNASSIGNED,UNASSIGNED,False,False,False,False,False,2720,2720,0.0,True,True,True,True,ORIGINAL_RSP_PLUS_ORIGINAL_MIGRATION_WITNESS_NO_REPAIR
9062506,False,643,728,643,728,UNASSIGNED,UNASSIGNED,False,False,False,False,False,2720,2720,0.0,True,True,True,True,ORIGINAL_RSP_PLUS_ORIGINAL_MIGRATION_WITNESS_NO_REPAIR
9062507,False,650,735,650,735,UNASSIGNED,UNASSIGNED,False,False,False,False,False,2720,2720,0.0,True,True,True,True,ORIGINAL_RSP_PLUS_ORIGINAL_MIGRATION_WITNESS_NO_REPAIR
9073966,False,0,8,0,8,UNASSIGNED,UNASSIGNED,False,False,False,False,False,0,0,0.0,True,True,True,True,ORIGINAL_RSP_PLUS_ORIGINAL_MIGRATION_WITNESS_NO_REPAIR
9074133,False,0,13,0,13,UNASSIGNED,UNASSIGNED,False,False,False,False,False,0,0,0.0,True,True,True,True,ORIGINAL_RSP_PLUS_ORIGINAL_MIGRATION_WITNESS_NO_REPAIR
9078563,False,0,135,0,135,AIDC05,AIDC05,False,False,False,False,False,60,60,0.0,True,True,True,True,ORIGINAL_RSP_PLUS_ORIGINAL_MIGRATION_WITNESS_NO_REPAIR
9078564,False,0,135,0,135,AIDC05,AIDC05,False,False,False,False,False,60,60,0.0,True,True,True,True,ORIGINAL_RSP_PLUS_ORIGINAL_MIGRATION_WITNESS_NO_REPAIR
9078565,False,0,136,0,136,AIDC05,AIDC05,False,False,False,False,False,64,64,0.0,True,True,True,True,ORIGINAL_RSP_PLUS_ORIGINAL_MIGRATION_WITNESS_NO_REPAIR
9078566,False,0,136,0,136,AIDC05,AIDC05,False,False,False,False,False,64,64,0.0,True,True,True,True,ORIGINAL_RSP_PLUS_ORIGINAL_MIGRATION_WITNESS_NO_REPAIR
9078722,False,0,137,0,137,AIDC04,AIDC04,False,False,False,False,False,17,17,0.0,True,True,True,True,ORIGINAL_RSP_PLUS_ORIGINAL_MIGRATION_WITNESS_NO_REPAIR
9078738,False,0,137,0,137,AIDC04,AIDC04,False,False,False,False,False,17,17,0.0,True,True,True,True,ORIGINAL_RSP_PLUS_ORIGINAL_MIGRATION_WITNESS_NO_REPAIR
9078752,False,0,137,0,137,AIDC04,AIDC04,False,False,False,False,False,17,17,0.0,True,True,True,True,ORIGINAL_RSP_PLUS_ORIGINAL_MIGRATION_WITNESS_NO_REPAIR
9079015,False,0,138,0,138,AIDC04,AIDC04,False,False,False,False,False,18,18,0.0,True,True,True,True,ORIGINAL_RSP_PLUS_ORIGINAL_MIGRATION_WITNESS_NO_REPAIR
9079539,False,0,427,0,427,AIDC05,AIDC05,False,False,False,False,False,1228,1228,0.0,True,True,True,True,ORIGINAL_RSP_PLUS_ORIGINAL_MIGRATION_WITNESS_NO_REPAIR
9084134,False,0,759,0,759,AIDC04,AIDC04,False,False,False,False,False,639,639,0.0,True,True,True,True,ORIGINAL_RSP_PLUS_ORIGINAL_MIGRATION_WITNESS_NO_REPAIR
9088275,False,0,123,0,123,AIDC01,AIDC01,False,False,False,False,False,6,6,0.0,True,True,True,True,ORIGINAL_RSP_PLUS_ORIGINAL_MIGRATION_WITNESS_NO_REPAIR
9088308,False,0,80,0,80,UNASSIGNED,UNASSIGNED,False,False,False,False,False,0,0,0.0,True,True,True,True,ORIGINAL_RSP_PLUS_ORIGINAL_MIGRATION_WITNESS_NO_REPAIR
9088311,False,0,81,0,81,UNASSIGNED,UNASSIGNED,False,False,False,False,False,0,0,0.0,True,True,True,True,ORIGINAL_RSP_PLUS_ORIGINAL_MIGRATION_WITNESS_NO_REPAIR
9088314,False,0,328,0,328,AIDC05,AIDC05,False,False,False,False,False,832,832,0.0,True,True,True,True,ORIGINAL_RSP_PLUS_ORIGINAL_MIGRATION_WITNESS_NO_REPAIR
9088320,False,0,83,0,83,UNASSIGNED,UNASSIGNED,False,False,False,False,False,0,0,0.0,True,True,True,True,ORIGINAL_RSP_PLUS_ORIGINAL_MIGRATION_WITNESS_NO_REPAIR
9088321,False,0,87,0,87,UNASSIGNED,UNASSIGNED,False,False,False,False,False,0,0,0.0,True,True,True,True,ORIGINAL_RSP_PLUS_ORIGINAL_MIGRATION_WITNESS_NO_REPAIR
9088322,False,0,88,0,88,UNASSIGNED,UNASSIGNED,False,False,False,False,False,0,0,0.0,True,True,True,True,ORIGINAL_RSP_PLUS_ORIGINAL_MIGRATION_WITNESS_NO_REPAIR
9088323,False,0,88,0,88,UNASSIGNED,UNASSIGNED,False,False,False,False,False,0,0,0.0,True,True,True,True,ORIGINAL_RSP_PLUS_ORIGINAL_MIGRATION_WITNESS_NO_REPAIR
9088324,False,0,91,0,91,UNASSIGNED,UNASSIGNED,False,False,False,False,False,0,0,0.0,True,True,True,True,ORIGINAL_RSP_PLUS_ORIGINAL_MIGRATION_WITNESS_NO_REPAIR
9088325,False,0,92,0,92,UNASSIGNED,UNASSIGNED,False,False,False,False,False,0,0,0.0,True,True,True,True,ORIGINAL_RSP_PLUS_ORIGINAL_MIGRATION_WITNESS_NO_REPAIR
9088326,False,0,93,0,93,UNASSIGNED,UNASSIGNED,False,False,False,False,False,0,0,0.0,True,True,True,True,ORIGINAL_RSP_PLUS_ORIGINAL_MIGRATION_WITNESS_NO_REPAIR
9088352,False,0,36,0,36,UNASSIGNED,UNASSIGNED,False,False,False,False,False,0,0,0.0,True,True,True,True,ORIGINAL_RSP_PLUS_ORIGINAL_MIGRATION_WITNESS_NO_REPAIR
9088455,False,0,31,0,31,UNASSIGNED,UNASSIGNED,False,False,False,False,False,0,0,0.0,True,True,True,True,ORIGINAL_RSP_PLUS_ORIGINAL_MIGRATION_WITNESS_NO_REPAIR
9088460,False,0,32,0,32,UNASSIGNED,UNASSIGNED,False,False,False,False,False,0,0,0.0,True,True,True,True,ORIGINAL_RSP_PLUS_ORIGINAL_MIGRATION_WITNESS_NO_REPAIR
9088839,False,0,35,0,35,UNASSIGNED,UNASSIGNED,False,False,False,False,False,0,0,0.0,True,True,True,True,ORIGINAL_RSP_PLUS_ORIGINAL_MIGRATION_WITNESS_NO_REPAIR
9088887,False,0,76,0,76,UNASSIGNED,UNASSIGNED,False,False,False,False,False,0,0,0.0,True,True,True,True,ORIGINAL_RSP_PLUS_ORIGINAL_MIGRATION_WITNESS_NO_REPAIR
9088910,False,0,516,0,516,AIDC05,AIDC05,False,False,False,False,False,1584,1584,0.0,True,True,True,True,ORIGINAL_RSP_PLUS_ORIGINAL_MIGRATION_WITNESS_NO_REPAIR
9101671,False,0,52,0,52,UNASSIGNED,UNASSIGNED,False,False,False,False,False,0,0,0.0,True,True,True,True,ORIGINAL_RSP_PLUS_ORIGINAL_MIGRATION_WITNESS_NO_REPAIR
9102539,False,0,260,0,260,AIDC04,AIDC04,False,False,False,False,False,280,280,0.0,True,True,True,True,ORIGINAL_RSP_PLUS_ORIGINAL_MIGRATION_WITNESS_NO_REPAIR
9102547,False,0,260,0,260,AIDC04,AIDC04,False,False,False,False,False,280,280,0.0,True,True,True,True,ORIGINAL_RSP_PLUS_ORIGINAL_MIGRATION_WITNESS_NO_REPAIR
9103741,False,0,128,0,128,AIDC05,AIDC05,False,False,False,False,False,32,32,0.0,True,True,True,True,ORIGINAL_RSP_PLUS_ORIGINAL_MIGRATION_WITNESS_NO_REPAIR
9107652,False,0,138,0,138,AIDC05,AIDC05,False,False,False,False,False,54,54,0.0,True,True,True,True,ORIGINAL_RSP_PLUS_ORIGINAL_MIGRATION_WITNESS_NO_REPAIR
9107653,False,0,138,0,138,AIDC05,AIDC05,False,False,False,False,False,54,54,0.0,True,True,True,True,ORIGINAL_RSP_PLUS_ORIGINAL_MIGRATION_WITNESS_NO_REPAIR
9107734,False,0,140,0,140,AIDC05,AIDC05,False,False,False,False,False,80,80,0.0,True,True,True,True,ORIGINAL_RSP_PLUS_ORIGINAL_MIGRATION_WITNESS_NO_REPAIR
9107738,False,0,140,0,140,AIDC05,AIDC05,False,False,False,False,False,80,80,0.0,True,True,True,True,ORIGINAL_RSP_PLUS_ORIGINAL_MIGRATION_WITNESS_NO_REPAIR
9107743,False,0,142,0,142,AIDC05,AIDC05,False,False,False,False,False,66,66,0.0,True,True,True,True,ORIGINAL_RSP_PLUS_ORIGINAL_MIGRATION_WITNESS_NO_REPAIR
9108297,False,0,532,0,532,AIDC04,AIDC04,False,False,False,False,False,412,412,0.0,True,True,True,True,ORIGINAL_RSP_PLUS_ORIGINAL_MIGRATION_WITNESS_NO_REPAIR
9108312,False,0,628,0,628,AIDC05,AIDC05,False,False,False,False,False,2032,2032,0.0,True,True,True,True,ORIGINAL_RSP_PLUS_ORIGINAL_MIGRATION_WITNESS_NO_REPAIR
9108313,False,0,628,0,628,AIDC05,AIDC05,False,False,False,False,False,2032,2032,0.0,True,True,True,True,ORIGINAL_RSP_PLUS_ORIGINAL_MIGRATION_WITNESS_NO_REPAIR
9108318,False,0,628,0,628,AIDC05,AIDC05,False,False,False,False,False,2032,2032,0.0,True,True,True,True,ORIGINAL_RSP_PLUS_ORIGINAL_MIGRATION_WITNESS_NO_REPAIR
9108404,False,0,629,0,629,AIDC09,AIDC09,False,False,False,False,False,2036,2036,0.0,True,True,True,True,ORIGINAL_RSP_PLUS_ORIGINAL_MIGRATION_WITNESS_NO_REPAIR
9108483,False,0,534,0,534,AIDC04,AIDC04,False,False,False,False,False,414,414,0.0,True,True,True,True,ORIGINAL_RSP_PLUS_ORIGINAL_MIGRATION_WITNESS_NO_REPAIR
9108610,False,0,637,0,637,AIDC09,AIDC09,False,False,False,False,False,2068,2068,0.0,True,True,True,True,ORIGINAL_RSP_PLUS_ORIGINAL_MIGRATION_WITNESS_NO_REPAIR
9108676,False,0,642,0,642,AIDC09,AIDC09,False,False,False,False,False,2088,2088,0.0,True,True,True,True,ORIGINAL_RSP_PLUS_ORIGINAL_MIGRATION_WITNESS_NO_REPAIR
9108679,False,0,643,0,643,AIDC09,AIDC09,False,False,False,False,False,2092,2092,0.0,True,True,True,True,ORIGINAL_RSP_PLUS_ORIGINAL_MIGRATION_WITNESS_NO_REPAIR
9108680,False,0,651,0,651,AIDC09,AIDC09,False,False,False,False,False,2124,2124,0.0,True,True,True,True,ORIGINAL_RSP_PLUS_ORIGINAL_MIGRATION_WITNESS_NO_REPAIR
9108682,False,0,654,0,654,AIDC09,AIDC09,False,False,False,False,False,2136,2136,0.0,True,True,True,True,ORIGINAL_RSP_PLUS_ORIGINAL_MIGRATION_WITNESS_NO_REPAIR
9108690,False,0,536,0,536,AIDC04,AIDC04,False,False,False,False,False,416,416,0.0,True,True,True,True,ORIGINAL_RSP_PLUS_ORIGINAL_MIGRATION_WITNESS_NO_REPAIR
9108691,False,0,660,0,660,AIDC09,AIDC09,False,False,False,False,False,2160,2160,0.0,True,True,True,True,ORIGINAL_RSP_PLUS_ORIGINAL_MIGRATION_WITNESS_NO_REPAIR
9108713,False,0,161,0,161,AIDC09,AIDC09,False,False,False,False,False,164,164,0.0,True,True,True,True,ORIGINAL_RSP_PLUS_ORIGINAL_MIGRATION_WITNESS_NO_REPAIR
9108717,False,0,181,0,181,AIDC04,AIDC04,False,False,False,False,False,61,61,0.0,True,True,True,True,ORIGINAL_RSP_PLUS_ORIGINAL_MIGRATION_WITNESS_NO_REPAIR
9108719,False,0,182,0,182,AIDC04,AIDC04,False,False,False,False,False,62,62,0.0,True,True,True,True,ORIGINAL_RSP_PLUS_ORIGINAL_MIGRATION_WITNESS_NO_REPAIR
9108802,False,0,58,0,58,UNASSIGNED,UNASSIGNED,False,False,False,False,False,0,0,0.0,True,True,True,True,ORIGINAL_RSP_PLUS_ORIGINAL_MIGRATION_WITNESS_NO_REPAIR
9109206,False,128,243,128,243,UNASSIGNED,UNASSIGNED,False,False,False,False,False,230,230,0.0,True,True,True,True,ORIGINAL_RSP_PLUS_ORIGINAL_MIGRATION_WITNESS_NO_REPAIR
9109208,False,0,12,0,12,UNASSIGNED,UNASSIGNED,False,False,False,False,False,0,0,0.0,True,True,True,True,ORIGINAL_RSP_PLUS_ORIGINAL_MIGRATION_WITNESS_NO_REPAIR
9109555,False,0,171,0,171,AIDC04,AIDC04,False,False,False,False,False,102,102,0.0,True,True,True,True,ORIGINAL_RSP_PLUS_ORIGINAL_MIGRATION_WITNESS_NO_REPAIR
9110047,False,0,171,0,171,AIDC05,AIDC05,False,False,False,False,False,102,102,0.0,True,True,True,True,ORIGINAL_RSP_PLUS_ORIGINAL_MIGRATION_WITNESS_NO_REPAIR
9110441,False,0,171,0,171,AIDC04,AIDC04,False,False,False,False,False,51,51,0.0,True,True,True,True,ORIGINAL_RSP_PLUS_ORIGINAL_MIGRATION_WITNESS_NO_REPAIR
9110691,False,0,561,0,561,AIDC04,AIDC04,False,False,False,False,False,441,441,0.0,True,True,True,True,ORIGINAL_RSP_PLUS_ORIGINAL_MIGRATION_WITNESS_NO_REPAIR
9110764,False,0,185,0,185,AIDC04,AIDC04,False,False,False,False,False,65,65,0.0,True,True,True,True,ORIGINAL_RSP_PLUS_ORIGINAL_MIGRATION_WITNESS_NO_REPAIR
9110769,False,0,42,0,42,UNASSIGNED,UNASSIGNED,False,False,False,False,False,0,0,0.0,True,True,True,True,ORIGINAL_RSP_PLUS_ORIGINAL_MIGRATION_WITNESS_NO_REPAIR
9110770,False,0,186,0,186,AIDC04,AIDC04,False,False,False,False,False,66,66,0.0,True,True,True,True,ORIGINAL_RSP_PLUS_ORIGINAL_MIGRATION_WITNESS_NO_REPAIR
9110780,False,0,2,0,2,UNASSIGNED,UNASSIGNED,False,False,False,False,False,0,0,0.0,True,True,True,True,ORIGINAL_RSP_PLUS_ORIGINAL_MIGRATION_WITNESS_NO_REPAIR
9110781,False,0,4,0,4,UNASSIGNED,UNASSIGNED,False,False,False,False,False,0,0,0.0,True,True,True,True,ORIGINAL_RSP_PLUS_ORIGINAL_MIGRATION_WITNESS_NO_REPAIR
9110783,False,0,2,0,2,UNASSIGNED,UNASSIGNED,False,False,False,False,False,0,0,0.0,True,True,True,True,ORIGINAL_RSP_PLUS_ORIGINAL_MIGRATION_WITNESS_NO_REPAIR
