day,case,comparison,mess_id,termination,incumbent,best_bound,MIP_gap,WorkLimit_tiers_used,MIPStart_accepted,zero_PQ_objective,stationary_optimized_PQ_objective,restricted_stationary_MIP_gap,full_incumbent_worse_than_restricted,status
2025-04-01,B2,B2-B0,MESS01,WORK_LIMIT,0.5666022075877166,0.4495491567355724,0.20658770700963613,[60.0],True,0.5670071217020519,0.5666022075877166,0.0,False,PASS
2025-04-01,B2,B2-B0,MESS02,WORK_LIMIT,0.543349334844988,0.40281081758541115,0.25865223024460143,[60.0],True,0.5666022075877828,0.543349334844988,0.0,False,PASS
2025-04-01,B2,B2-B0,MESS03,WORK_LIMIT,0.5433249885694362,0.34149533007913924,0.3714713343513068,[60.0],True,0.5433493348451314,0.5433249885694362,0.0,False,PASS
2025-04-01,B2,B2-B0,MESS04,WORK_LIMIT,0.5433242969659046,0.34991407715798917,0.3559756500638375,[60.0],True,0.5433249885695808,0.5433242969659046,0.0,False,PASS
2025-04-01,B3,B3-B1,MESS01,WORK_LIMIT,0.5665987382193067,0.4495393140845806,0.20660022029455583,[60.0],True,0.5670036511595943,0.5665987382193067,0.0,False,PASS
2025-04-01,B3,B3-B1,MESS02,WORK_LIMIT,0.5438526130172339,0.40280683571256193,0.2593455909353191,[60.0],True,0.5665987382193064,0.5438526130172339,0.0,False,PASS
2025-04-01,B3,B3-B1,MESS03,WORK_LIMIT,0.5438282636943841,0.34230276533182225,0.37056826909572577,[60.0],True,0.5438526130173655,0.5438282636943841,0.0,False,PASS
2025-04-01,B3,B3-B1,MESS04,WORK_LIMIT,0.5438275585814096,0.3518205583411107,0.3530659621979344,[60.0],True,0.5438282636945704,0.5438275585814096,0.0,False,PASS
2025-04-02,B2,B2-B0,MESS01,WORK_LIMIT,0.5882001252768925,0.47151909349031484,0.19836961396710104,[60.0],True,0.5886085324690455,0.5882001252768925,0.0,False,PASS
2025-04-02,B2,B2-B0,MESS02,WORK_LIMIT,0.5543995468746974,0.4214428902944204,0.23982100513932633,[60.0],True,0.5882001252769732,0.5543995468746974,0.0,False,PASS
2025-04-02,B2,B2-B0,MESS03,WORK_LIMIT,0.5543425223159233,0.36297717630798254,0.34521137799145857,[60.0],True,0.5543995468748643,0.5543425223159233,0.0,False,PASS
2025-04-02,B2,B2-B0,MESS04,WORK_LIMIT,0.554342348666039,0.3581733422797615,0.3538769983176202,[60.0],True,0.5543425223160678,0.554342348666039,0.0,False,PASS
2025-04-02,B3,B3-B1,MESS01,WORK_LIMIT,0.5881800790680523,0.4711348322349028,0.1989955984544783,[60.0],True,0.5885884794593548,0.5881800790680523,0.0,False,PASS
2025-04-02,B3,B3-B1,MESS02,WORK_LIMIT,0.5448846351483048,0.4212608556457902,0.22688064872460037,[60.0],True,0.5881800790681242,0.5448846351483048,0.0,False,PASS
2025-04-02,B3,B3-B1,MESS03,WORK_LIMIT,0.5448846351482995,0.35311998164981917,0.3519362469200263,[60.0],True,0.5448846351484439,0.5448846351482995,0.0,False,PASS
2025-04-02,B3,B3-B1,MESS04,WORK_LIMIT,0.5448846351482995,0.35405429434170665,0.3502215487405975,[60.0],True,0.5448846351484439,0.5448846351482995,0.0,False,PASS
2025-04-03,B2,B2-B0,MESS01,WORK_LIMIT,0.5774664494061547,0.4773874307822398,0.17330707043990604,[60.0],True,0.5780131222992347,0.5774664494061547,0.0,False,PASS
2025-04-03,B2,B2-B0,MESS02,WORK_LIMIT,0.5225199303980169,0.42643081906635294,0.18389559085042062,[60.0],True,0.5774664494062128,0.5225199303980169,0.0,False,PASS
2025-04-03,B2,B2-B0,MESS03,WORK_LIMIT,0.5219540019173006,0.37676488723273904,0.2781645780111589,[60.0],True,0.5225199303981827,0.5219540019173006,0.0,False,PASS
2025-04-03,B2,B2-B0,MESS04,WORK_LIMIT,0.521951252193773,0.36150940873144655,0.30738855934914566,[60.0],True,0.5219540019174476,0.521951252193773,0.0,False,PASS
2025-04-03,B3,B3-B1,MESS01,WORK_LIMIT,0.5772511047190343,0.4773508162263933,0.17306210014316994,[60.0],True,0.5777976818881205,0.5772511047190343,0.0,False,PASS
2025-04-03,B3,B3-B1,MESS02,WORK_LIMIT,0.5225056636755825,0.4264158304833576,0.1839019935521424,[60.0],True,0.5772511047190674,0.5225056636755825,0.0,False,PASS
2025-04-03,B3,B3-B1,MESS03,WORK_LIMIT,0.5217169596662735,,,[60.0],True,0.5225056636757444,0.5217169596662735,0.0,False,PASS
2025-04-03,B3,B3-B1,MESS04,WORK_LIMIT,0.5217141928949305,0.3614536122700214,0.30718079516994173,[60.0],True,0.5217169596664567,0.5217141928949305,0.0,False,PASS
2025-04-04,B2,B2-B0,MESS01,WORK_LIMIT,0.5881760466267556,0.4755483610310248,0.19148635215878143,[60.0],True,0.5887477851108596,0.5881760466267556,0.0,False,PASS
2025-04-04,B2,B2-B0,MESS02,WORK_LIMIT,0.570326968016979,0.42488264850117996,0.2550191866632354,[60.0],True,0.5881760466268162,0.570326968016979,0.0,False,PASS
2025-04-04,B2,B2-B0,MESS03,WORK_LIMIT,0.5703126044540852,0.36253798084516764,0.36431708152023684,[60.0],True,0.5703269680171407,0.5703126044540852,0.0,False,PASS
2025-04-04,B2,B2-B0,MESS04,WORK_LIMIT,0.5703119275348478,0.3657471224323918,0.35868933337354486,[60.0],True,0.5703126044542473,0.5703119275348478,0.0,False,PASS
2025-04-04,B3,B3-B1,MESS01,WORK_LIMIT,0.5880405771432605,0.4755104510439603,0.19136455964651103,[60.0],True,0.5886122537243288,0.5880405771432605,0.0,False,PASS
2025-04-04,B3,B3-B1,MESS02,WORK_LIMIT,0.570396899843371,0.42486697322637046,0.2551380041808828,[60.0],True,0.5880405771432915,0.570396899843371,0.0,False,PASS
2025-04-04,B3,B3-B1,MESS03,WORK_LIMIT,0.5703831859121699,0.36612012318805676,0.35811550510110307,[60.0],True,0.5703968998434912,0.5703831859121699,0.0,False,PASS
2025-04-04,B3,B3-B1,MESS04,WORK_LIMIT,0.5703831018368267,0.36611276894330325,0.35812830400428036,[60.0],True,0.5703831859123358,0.5703831018368267,0.0,False,PASS
2025-04-05,B2,B2-B0,MESS01,WORK_LIMIT,0.5612640399365577,0.4697978151635005,0.1629646980116454,[60.0],True,0.5616287392951825,0.5612640399365577,0.0,False,PASS
2025-04-05,B2,B2-B0,MESS02,WORK_LIMIT,0.5156420344680415,0.4234440592509201,0.17880228735083006,[60.0],True,0.5612640399365625,0.5156420344680415,0.0,False,PASS
2025-04-05,B2,B2-B0,MESS03,WORK_LIMIT,0.5156199350151699,0.366932769305379,0.28836582066094174,[60.0],True,0.5156420344681778,0.5156199350151699,0.0,False,PASS
2025-04-05,B2,B2-B0,MESS04,WORK_LIMIT,0.5156199350152196,0.3576912393296291,0.3062889639457577,[60.0],True,0.515619935015362,0.5156199350152196,0.0,False,PASS
2025-04-05,B3,B3-B1,MESS01,WORK_LIMIT,0.5612639996854134,0.4696582808353843,0.1632132452845253,[60.0],True,0.5616286990858357,0.5612639996854134,0.0,False,PASS
2025-04-05,B3,B3-B1,MESS02,WORK_LIMIT,0.5156631387936528,0.4233866098440102,0.17894730495089323,[60.0],True,0.5612639996854221,0.5156631387936528,0.0,False,PASS
2025-04-05,B3,B3-B1,MESS03,WORK_LIMIT,0.5156405386579143,0.3669286684501796,0.2884022086292811,[60.0],True,0.5156631387938261,0.5156405386579143,0.0,False,PASS
2025-04-05,B3,B3-B1,MESS04,WORK_LIMIT,0.5156405386577506,0.35365448304851865,0.31414530756424486,[60.0],True,0.5156405386580666,0.5156405386577506,0.0,False,PASS
2025-04-06,B2,B2-B0,MESS01,WORK_LIMIT,0.5699833687963342,0.4842192769901089,0.15046770923744335,[60.0],True,0.5703661518793225,0.5699833687963342,0.0,False,PASS
2025-04-06,B2,B2-B0,MESS02,WORK_LIMIT,0.5229121488091972,0.4359148599527294,0.16637075473305143,[60.0],True,0.5699833687963343,0.5229121488091972,0.0,False,PASS
2025-04-06,B2,B2-B0,MESS03,WORK_LIMIT,0.5229121488093338,0.3679506266819679,0.29634331977218714,[60.0],True,0.5229121488093436,0.5229121488093338,0.0,False,PASS
2025-04-06,B2,B2-B0,MESS04,WORK_LIMIT,0.5229121488093338,0.3679506266819679,0.29634331977218714,[60.0],True,0.5229121488093436,0.5229121488093338,0.0,False,PASS
2025-04-06,B3,B3-B1,MESS01,WORK_LIMIT,0.5699829573389704,0.48406468983337203,0.15073830962721674,[60.0],True,0.5703657403556276,0.5699829573389704,0.0,False,PASS
2025-04-06,B3,B3-B1,MESS02,WORK_LIMIT,0.5286438984251243,0.4498178988499193,0.14910982574476775,[60.0],True,0.5699829573389703,0.5286438984251243,0.0,False,PASS
2025-04-06,B3,B3-B1,MESS03,WORK_LIMIT,0.5286438984249994,0.36287430655224884,0.31357515402453634,[60.0],True,0.5286438984252935,0.5286438984249994,0.0,False,PASS
2025-04-06,B3,B3-B1,MESS04,WORK_LIMIT,0.5286286411503708,0.36602743603683396,0.3075906079543734,[60.0],True,0.5286438984252935,0.5286286411503708,0.0,False,PASS
2025-04-07,B2,B2-B0,MESS01,WORK_LIMIT,0.6508841570336757,0.47425818640269213,0.2713631430759272,[60.0],True,0.6512871029206265,0.6508841570336757,0.0,False,PASS
2025-04-07,B2,B2-B0,MESS02,WORK_LIMIT,0.5968155793772361,0.424905298721993,0.2880458999321493,[60.0],True,0.6508841570336759,0.5968155793772361,0.0,False,PASS
2025-04-07,B2,B2-B0,MESS03,WORK_LIMIT,0.5805375052255476,0.3806865937866768,0.34425150768032753,[60.0],True,0.5968155793773886,0.5805375052255476,0.0,False,PASS
2025-04-07,B2,B2-B0,MESS04,WORK_LIMIT,0.5805375052254816,0.3630867312109486,0.3745680030269101,[60.0],True,0.580537505225689,0.5805375052254816,0.0,False,PASS
2025-04-07,B3,B3-B1,MESS01,WORK_LIMIT,0.6508823172997498,0.47423542750020153,0.27139604979957893,[60.0],True,0.651287096636062,0.6508823172997498,0.0,False,PASS
2025-04-07,B3,B3-B1,MESS02,WORK_LIMIT,0.5968147766690184,0.4248891515692216,0.28807199791425964,[60.0],True,0.6508823172997955,0.5968147766690184,0.0,False,PASS
2025-04-07,B3,B3-B1,MESS03,WORK_LIMIT,0.5751254420343862,0.43016823812589755,0.25204449901526316,[60.0],True,0.5968147766691327,0.5751254420343862,0.0,False,PASS
2025-04-07,B3,B3-B1,MESS04,WORK_LIMIT,0.5637794604820314,0.5582813701898175,0.009752200421620652,[60.0],True,0.5751254420345437,0.5637794604820314,0.0,False,PASS
2025-04-08,B2,B2-B0,MESS01,WORK_LIMIT,0.6319390892746858,0.4988797164708222,0.21055727531680907,[60.0],True,0.6322923096440728,0.6319390892746858,0.0,False,PASS
2025-04-08,B2,B2-B0,MESS02,WORK_LIMIT,0.5766063806201426,0.44444114533304013,0.2292122316526539,[60.0],True,0.6319390892747707,0.5766063806201426,0.0,False,PASS
2025-04-08,B2,B2-B0,MESS03,WORK_LIMIT,0.558481448424886,0.38172938107030063,0.316486909015668,[60.0],True,0.5766063806202747,0.558481448424886,7.690467194655573e-10,False,PASS
2025-04-08,B2,B2-B0,MESS04,WORK_LIMIT,0.5475866657492001,0.3763954183466801,0.31262859034066987,[60.0],True,0.5584814484250294,0.5475866657492001,0.0,False,PASS
2025-04-08,B3,B3-B1,MESS01,WORK_LIMIT,0.6319326947554295,0.4988612123969429,0.21057856867175997,[60.0],True,0.6322858875597762,0.6319326947554295,0.0,False,PASS
2025-04-08,B3,B3-B1,MESS02,WORK_LIMIT,0.5766035997282507,0.4444334230965352,0.2292219068594202,[60.0],True,0.6319326947555151,0.5766035997282507,0.0,False,PASS
2025-04-08,B3,B3-B1,MESS03,WORK_LIMIT,0.5587010003624336,0.38341897811787884,0.31373135564612914,[60.0],True,0.5766035997284056,0.5587010003624336,7.715547366396676e-10,False,PASS
2025-04-08,B3,B3-B1,MESS04,WORK_LIMIT,0.5477222743880145,0.3762635102493779,0.3130396044787704,[60.0],True,0.5587010003626081,0.5477222743880145,6.731397432993074e-10,False,PASS
2025-04-09,B2,B2-B0,MESS01,WORK_LIMIT,0.6204051528111998,0.5030051772421145,0.1892311419998992,[60.0],True,0.620845507787117,0.6204051528111998,0.0,False,PASS
2025-04-09,B2,B2-B0,MESS02,WORK_LIMIT,0.5661467126202842,0.4479366526120284,0.20879757379698763,[60.0],True,0.6204051528111996,0.5661467126202842,0.0,False,PASS
2025-04-09,B2,B2-B0,MESS03,WORK_LIMIT,0.5499080243100235,0.38853712001137464,0.2934507175106655,[60.0],True,0.5661467126204422,0.5499080243100235,0.0,False,PASS
2025-04-09,B2,B2-B0,MESS04,WORK_LIMIT,0.5378401737220853,0.3885365848690844,0.2775984319277525,[60.0],True,0.5499080243101944,0.5378401737220853,2.164368601151262e-09,False,PASS
2025-04-09,B3,B3-B1,MESS01,WORK_LIMIT,0.620377185878273,0.5024717168404842,0.19005448898135904,[60.0],True,0.6208175307271963,0.620377185878273,0.0,False,PASS
2025-04-09,B3,B3-B1,MESS02,WORK_LIMIT,0.5661347948842677,0.4477112239831972,0.20917910711578727,[60.0],True,0.6203771858782732,0.5661347948842677,0.0,False,PASS
2025-04-09,B3,B3-B1,MESS03,WORK_LIMIT,0.5482822928375336,0.4005158791933857,0.26950790783231415,[60.0],True,0.5661347948844216,0.5482822928375336,0.0,False,PASS
2025-04-09,B3,B3-B1,MESS04,WORK_LIMIT,0.539321950705407,0.3911579948966938,0.27472265057063217,[60.0],True,0.5482822928377038,0.539321950705407,0.0,False,PASS
2025-04-10,B2,B2-B0,MESS01,WORK_LIMIT,0.636691664960986,0.49459111084518126,0.22318582437310858,[60.0],True,0.637146358352602,0.636691664960986,0.0,False,PASS
2025-04-10,B2,B2-B0,MESS02,WORK_LIMIT,0.5835718874938773,0.4409723796975845,0.24435636954459863,[60.0],True,0.6366916649610538,0.5835718874938773,0.0,False,PASS
2025-04-10,B2,B2-B0,MESS03,WORK_LIMIT,0.580194308361632,0.41647777969675803,0.28217534420008533,[60.0],True,0.583571887494053,0.580194308361632,0.0,False,PASS
2025-04-10,B2,B2-B0,MESS04,WORK_LIMIT,0.5801877141980822,0.37198487551312454,0.35885427007486587,[60.0],True,0.5801943083618023,0.5801877141980822,0.0,False,PASS
2025-04-10,B3,B3-B1,MESS01,WORK_LIMIT,0.6366916585699187,0.4945362756344257,0.22327194179799692,[60.0],True,0.63714635200285,0.6366916585699187,0.0,False,PASS
2025-04-10,B3,B3-B1,MESS02,WORK_LIMIT,0.5835718816934402,0.44094994298136536,0.24439480925332943,[60.0],True,0.6366916585699187,0.5835718816934402,0.0,False,PASS
2025-04-10,B3,B3-B1,MESS03,WORK_LIMIT,0.5803543974335311,0.41640941632743744,0.28249114994406593,[60.0],True,0.5835718816935921,0.5803543974335311,0.0,False,PASS
2025-04-10,B3,B3-B1,MESS04,WORK_LIMIT,0.5803543974335905,0.3718813255045482,0.35921683862643206,[60.0],True,0.5803543974336969,0.5803543974335905,0.0,False,PASS
2025-04-11,B2,B2-B0,MESS01,WORK_LIMIT,0.6133974072459193,0.5011981287883497,0.18291449740769347,[60.0],True,0.6137115344533823,0.6133974072459193,0.0,False,PASS
2025-04-11,B2,B2-B0,MESS02,WORK_LIMIT,0.5851861165662195,0.446493449923819,0.23700607843574176,[60.0],True,0.6133974072459195,0.5851861165662195,0.0,False,PASS
2025-04-11,B2,B2-B0,MESS03,WORK_LIMIT,0.5851861165661988,0.3817910599370812,0.3475732777507012,[60.0],True,0.5851861165663889,0.5851861165661988,0.0,False,PASS
2025-04-11,B2,B2-B0,MESS04,WORK_LIMIT,0.5851861165661988,0.37857807082446016,0.35306382002719,[60.0],True,0.5851861165663889,0.5851861165661988,0.0,False,PASS
2025-04-11,B3,B3-B1,MESS01,WORK_LIMIT,0.6133970753006517,0.501153379334381,0.18298700871903464,[60.0],True,0.6137112410156959,0.6133970753006517,0.0,False,PASS
2025-04-11,B3,B3-B1,MESS02,WORK_LIMIT,0.5853279043616705,0.44647524202365274,0.2372220106086409,[60.0],True,0.6133970753006849,0.5853279043616705,0.0,False,PASS
2025-04-11,B3,B3-B1,MESS03,WORK_LIMIT,0.5853239528861132,0.3816879646002209,0.3479030497245238,[60.0],True,0.5853279043618286,0.5853239528861132,0.0,False,PASS
2025-04-11,B3,B3-B1,MESS04,WORK_LIMIT,0.5853198254563092,0.3809636609054362,0.34913590085823437,[60.0],True,0.5853239528862552,0.5853198254563092,0.0,False,PASS
2025-04-12,B2,B2-B0,MESS01,WORK_LIMIT,0.6351139634843241,0.5006415954900572,0.21172950954586597,[60.0],True,0.6354961077063991,0.6351139634843241,0.0,False,PASS
2025-04-12,B2,B2-B0,MESS02,WORK_LIMIT,0.5779699560180476,0.44953143337202406,0.2222235278991092,[60.0],True,0.6351139634843793,0.5779699560180476,0.0,False,PASS
2025-04-12,B2,B2-B0,MESS03,WORK_LIMIT,0.5611283168488804,0.5157339670115929,0.08089834085046334,[60.0],True,0.5779699560182073,0.5611283168488804,0.0,False,PASS
2025-04-12,B2,B2-B0,MESS04,WORK_LIMIT,0.5513395372154506,0.4145668500088786,0.24807342476714928,[60.0],True,0.561128316849023,0.5513395372154506,0.0,False,PASS
2025-04-12,B3,B3-B1,MESS01,WORK_LIMIT,0.6351075399627245,0.500520236465708,0.21191262113643886,[60.0],True,0.635489654708944,0.6351075399627245,0.0,False,PASS
2025-04-12,B3,B3-B1,MESS02,WORK_LIMIT,0.5779633420031398,0.4495011823371745,0.22226696804114512,[60.0],True,0.6351075399627247,0.5779633420031398,0.0,False,PASS
2025-04-12,B3,B3-B1,MESS03,WORK_LIMIT,0.5625836395379294,0.43394040679615054,0.2286650796447588,[60.0],True,0.5779633420032452,0.5625836395379294,0.0,False,PASS
2025-04-12,B3,B3-B1,MESS04,WORK_LIMIT,0.5560274315502588,0.4199188458498473,0.24478753740787118,[60.0],True,0.5625836396034447,0.5560274315502588,0.0,False,PASS
2025-04-13,B2,B2-B0,MESS01,WORK_LIMIT,0.6882577112390836,0.48678094415410944,0.2927344856365673,[60.0],True,0.6885407017440358,0.6882577112390836,0.0,False,PASS
2025-04-13,B2,B2-B0,MESS02,WORK_LIMIT,0.6261188752796095,0.4691536095595551,0.2506956297236009,[60.0],True,0.6882577112391411,0.6261188752796095,0.0,False,PASS
2025-04-13,B2,B2-B0,MESS03,WORK_LIMIT,0.6015037070262506,0.4628900008174862,0.2304453066366805,[60.0],True,0.6261188752797792,0.6015037070262506,0.0,False,PASS
2025-04-13,B2,B2-B0,MESS04,WORK_LIMIT,0.5902659725449871,0.46918800574876507,0.20512442259577163,[60.0],True,0.6015037070264305,0.5902659725449871,0.0,False,PASS
2025-04-13,B3,B3-B1,MESS01,WORK_LIMIT,0.6882556728169983,0.486564970790898,0.2930461890718455,[60.0],True,0.6885386563197209,0.6882556728169983,0.0,False,PASS
2025-04-13,B3,B3-B1,MESS02,WORK_LIMIT,0.6261164793567107,0.4700153408285058,0.24931645097185023,[60.0],True,0.6882556728170779,0.6261164793567107,0.0,False,PASS
2025-04-13,B3,B3-B1,MESS03,WORK_LIMIT,0.6028020584152616,0.49390688705682073,0.1806483070822969,[60.0],True,0.6261164793568509,0.6028020584152616,0.0,False,PASS
2025-04-13,B3,B3-B1,MESS04,WORK_LIMIT,0.5915046472825394,0.47069862759346504,0.204235115047828,[60.0],True,0.6028020584154372,0.5915046472825394,0.0,False,PASS
2025-04-14,B2,B2-B0,MESS01,WORK_LIMIT,0.6439908156329385,0.4983407209471483,0.22616796878172826,[60.0],True,0.6444189866199388,0.6439908156329385,0.0,False,PASS
2025-04-14,B2,B2-B0,MESS02,WORK_LIMIT,0.5907016894949099,0.44416904665115686,0.24806538638656744,[60.0],True,0.6439908156330161,0.5907016894949099,0.0,False,PASS
2025-04-14,B2,B2-B0,MESS03,WORK_LIMIT,0.5738033202944552,0.3848540495940227,0.32929274547151555,[60.0],True,0.5907016894950765,0.5738033202944552,0.0,False,PASS
2025-04-14,B2,B2-B0,MESS04,WORK_LIMIT,0.5648324839531815,0.3789242859971994,0.3291386441778938,[60.0],True,0.5738033202946274,0.5648324839531815,0.0,False,PASS
2025-04-14,B3,B3-B1,MESS01,WORK_LIMIT,0.6439907092970064,0.4983162930117828,0.22620577313024406,[60.0],True,0.6444188818305395,0.6439907092970064,0.0,False,PASS
2025-04-14,B3,B3-B1,MESS02,WORK_LIMIT,0.590702041452687,0.44415929226921047,0.2480823476131732,[60.0],True,0.6439907092970891,0.590702041452687,0.0,False,PASS
2025-04-14,B3,B3-B1,MESS03,WORK_LIMIT,0.5737621249345871,0.3848459633878988,0.3292586828874877,[60.0],True,0.5907020414528518,0.5737621249345871,2.7680590708569242e-09,False,PASS
2025-04-14,B3,B3-B1,MESS04,WORK_LIMIT,0.5649239395264543,0.3793293222117118,0.32853027519123473,[60.0],True,0.573762124934738,0.5649239395264543,0.0,False,PASS
2025-04-15,B2,B2-B0,MESS01,WORK_LIMIT,0.6626211337042608,0.4871898236007175,0.2647535690913253,[60.0],True,0.6630672428496682,0.6626211337042608,0.0,False,PASS
2025-04-15,B2,B2-B0,MESS02,WORK_LIMIT,0.6077442559938248,0.43516286153814265,0.2839704246541422,[60.0],True,0.6626211337042608,0.6077442559938248,0.0,False,PASS
2025-04-15,B2,B2-B0,MESS03,WORK_LIMIT,0.5735033803911113,0.4054410388471722,0.2930450757401392,[60.0],True,0.6077442559939343,0.5735033803911113,0.0,False,PASS
2025-04-15,B2,B2-B0,MESS04,WORK_LIMIT,0.5638583118791156,0.3897717467752807,0.3087416846329242,[60.0],True,0.5735033803912399,0.5638583118791156,1.7590097761707609e-09,False,PASS
2025-04-15,B3,B3-B1,MESS01,WORK_LIMIT,0.6621838012393403,0.4871712892875668,0.26429597284654327,[60.0],True,0.6626259604529704,0.6621838012393403,0.0,False,PASS
2025-04-15,B3,B3-B1,MESS02,WORK_LIMIT,0.6072959399025197,0.43515538208959237,0.2834541555482135,[60.0],True,0.6621838012393403,0.6072959399025197,0.0,False,PASS
2025-04-15,B3,B3-B1,MESS03,WORK_LIMIT,0.5738126551517783,0.39379461216801503,0.31372267824268696,[60.0],True,0.6072959399026727,0.5738126551517783,0.0,False,PASS
2025-04-15,B3,B3-B1,MESS04,WORK_LIMIT,0.564189362894807,0.3916652220736475,0.3057911973667015,[60.0],True,0.5738126551519387,0.564189362894807,0.0,False,PASS
2025-04-16,B2,B2-B0,MESS01,WORK_LIMIT,0.6816171472707027,0.49384685690897945,0.27547765063361984,[60.0],True,0.6820080087614461,0.6816171472707027,0.0,False,PASS
2025-04-16,B2,B2-B0,MESS02,WORK_LIMIT,0.6257892984842583,0.4402401064451772,0.2965042586834019,[60.0],True,0.6816171472707871,0.6257892984842583,0.0,False,PASS
2025-04-16,B2,B2-B0,MESS03,WORK_LIMIT,0.5957034786173957,0.4127838266602776,0.3070649383845591,[60.0],True,0.6257892984843691,0.5957034786173957,1.794609407309272e-09,False,PASS
2025-04-16,B2,B2-B0,MESS04,WORK_LIMIT,0.5863374136525982,0.4874625425582807,0.16863135251488542,[60.0],True,0.5957034786175316,0.5863374136525982,0.0,False,PASS
2025-04-16,B3,B3-B1,MESS01,WORK_LIMIT,0.681612275044114,0.49331877958205705,0.2762472190658107,[60.0],True,0.6820031350245319,0.681612275044114,0.0,False,PASS
2025-04-16,B3,B3-B1,MESS02,WORK_LIMIT,0.6257872586415337,0.4400214279757403,0.2968514109236677,[60.0],True,0.6816122750441564,0.6257872586415337,0.0,False,PASS
2025-04-16,B3,B3-B1,MESS03,WORK_LIMIT,0.597904215163231,0.41419811777983984,0.3072500456168191,[60.0],True,0.6257872586417076,0.597904215163231,0.0,False,PASS
2025-04-16,B3,B3-B1,MESS04,WORK_LIMIT,0.5883615069137199,0.39912472356570927,0.3216335214393303,[60.0],True,0.5979042151633984,0.5883615069137198,0.0,False,PASS
2025-04-17,B2,B2-B0,MESS01,WORK_LIMIT,0.6964709841118553,0.49520656302734234,0.288977467368819,[60.0],True,0.6968829229860295,0.6964709841118553,0.0,False,PASS
2025-04-17,B2,B2-B0,MESS02,WORK_LIMIT,0.6393557452580212,0.4414885360786537,0.3094790508209406,[60.0],True,0.696470984111922,0.6393557452580212,0.0,False,PASS
2025-04-17,B2,B2-B0,MESS03,WORK_LIMIT,0.6104994596656047,0.44247254659842916,0.275228602428593,[60.0],True,0.6393557452581642,0.6104994596656047,3.5007217868296895e-09,False,PASS
2025-04-17,B2,B2-B0,MESS04,WORK_LIMIT,0.6012468500959481,0.4047036227116614,0.3268927352433065,[60.0],True,0.6104994596657727,0.6012468500959481,1.521408855239982e-09,False,PASS
2025-04-17,B3,B3-B1,MESS01,WORK_LIMIT,0.6964709525505995,0.49515102825527435,0.2890571725325458,[60.0],True,0.696882891476287,0.6964709525505995,0.0,False,PASS
2025-04-17,B3,B3-B1,MESS02,WORK_LIMIT,0.6393658094402661,0.4414660836048564,0.30952503701857526,[60.0],True,0.6964709525506597,0.6393658094402661,0.0,False,PASS
2025-04-17,B3,B3-B1,MESS03,WORK_LIMIT,0.6105093746257486,0.43980542564549163,0.2796090544635798,[60.0],True,0.6393658094403817,0.6105093746257486,0.0,False,PASS
2025-04-17,B3,B3-B1,MESS04,WORK_LIMIT,0.6008148083964696,0.47882868112072186,0.20303448844964345,[60.0],True,0.6105094198874653,0.6008148083964696,1.4080187665656466e-09,False,PASS
2025-04-18,B2,B2-B0,MESS01,WORK_LIMIT,0.6022240851281878,0.4972315003695339,0.17434139110577995,[60.0],True,0.6025028752879897,0.6022240851281878,0.0,False,PASS
2025-04-18,B2,B2-B0,MESS02,WORK_LIMIT,0.5518208983601558,0.4432077834950666,0.1968267515562647,[60.0],True,0.6022240851282594,0.5518208983601558,0.0,False,PASS
2025-04-18,B2,B2-B0,MESS03,WORK_LIMIT,0.5396504512349457,0.4059067317335695,0.24783398067270154,[60.0],True,0.5518208983603089,0.5396504512349457,0.0,False,PASS
2025-04-18,B2,B2-B0,MESS04,WORK_LIMIT,0.5393696389295175,0.3952803178684504,0.2671439225742109,[60.0],True,0.5396504512350817,0.5393696389295175,0.0,False,PASS
2025-04-18,B3,B3-B1,MESS01,WORK_LIMIT,0.6022240576127907,0.4971863611750088,0.17441630753535514,[60.0],True,0.60250284854251,0.6022240576127907,0.0,False,PASS
2025-04-18,B3,B3-B1,MESS02,WORK_LIMIT,0.5545640151909731,0.44318965374538244,0.20083229058278707,[60.0],True,0.6022240576128747,0.5545640151909731,0.0,False,PASS
2025-04-18,B3,B3-B1,MESS03,WORK_LIMIT,0.5545640151908283,0.4075903284326967,0.26502564669212664,[60.0],True,0.5545640151911224,0.5545640151908283,0.0,False,PASS
2025-04-18,B3,B3-B1,MESS04,WORK_LIMIT,0.5545519139760999,0.4075903284326967,0.2650096083695727,[60.0],True,0.5545640151911224,0.5545519139760999,0.0,False,PASS
2025-04-19,B2,B2-B0,MESS01,WORK_LIMIT,0.5728544894098428,0.49076249277456163,0.1433034010431737,[60.0],True,0.573254659490966,0.5728544894098428,0.0,False,PASS
2025-04-19,B2,B2-B0,MESS02,WORK_LIMIT,0.5212677041721522,0.4410568985435548,0.15387641510609917,[60.0],True,0.5728544894098428,0.5212677041721522,0.0,False,PASS
2025-04-19,B2,B2-B0,MESS03,WORK_LIMIT,0.5078338706959876,0.3775129135246932,0.25662123913217766,[60.0],True,0.5212677041723207,0.5078338706959876,0.0,False,PASS
2025-04-19,B2,B2-B0,MESS04,WORK_LIMIT,0.49898119784367795,0.36948377537516397,0.25952365144845246,[60.0],True,0.5078338706961779,0.49898119784367795,0.0,False,PASS
2025-04-19,B3,B3-B1,MESS01,WORK_LIMIT,0.5728482842146467,0.49063951713481313,0.1435087951647419,[60.0],True,0.5732484523552984,0.5728482842146467,0.0,False,PASS
2025-04-19,B3,B3-B1,MESS02,WORK_LIMIT,0.521041023970817,0.44100802093079594,0.15360211453235514,[60.0],True,0.5728482842147298,0.521041023970817,0.0,False,PASS
2025-04-19,B3,B3-B1,MESS03,WORK_LIMIT,0.5072227071117913,0.3707735721877877,0.26901227608867745,[60.0],True,0.5210410239709928,0.5072227071117913,0.0,False,PASS
2025-04-19,B3,B3-B1,MESS04,WORK_LIMIT,0.4975303755127926,0.3694630039857567,0.25740613604755275,[60.0],True,0.5072227071275597,0.4975303755127926,0.0,False,PASS
2025-04-20,B2,B2-B0,MESS01,WORK_LIMIT,0.5127234491391122,0.46601242214682903,0.09110374622169756,[60.0],True,0.5130018003012146,0.5127234491391122,0.0,False,PASS
2025-04-20,B2,B2-B0,MESS02,WORK_LIMIT,0.47216626063736233,0.4198500609700895,0.11080037696182034,[60.0],True,0.5127234491391123,0.47216626063736233,0.0,False,PASS
2025-04-20,B2,B2-B0,MESS03,WORK_LIMIT,0.45777642818329284,0.34758348349120505,0.24071345291716667,[60.0],True,0.47216626063749845,0.45777642818329284,0.0,False,PASS
2025-04-20,B2,B2-B0,MESS04,WORK_LIMIT,0.45777642818327446,0.3407554174717088,0.25562917508875177,[60.0],True,0.4577764281834757,0.45777642818327446,0.0,False,PASS
2025-04-20,B3,B3-B1,MESS01,WORK_LIMIT,0.5126312504410269,0.46579867030500477,0.09135724772091264,[60.0],True,0.5129095805599688,0.5126312504410269,0.0,False,PASS
2025-04-20,B3,B3-B1,MESS02,WORK_LIMIT,0.4710659615062564,0.4197653097184888,0.10890332985158016,[60.0],True,0.5126312504410883,0.4710659615062564,0.0,False,PASS
2025-04-20,B3,B3-B1,MESS03,WORK_LIMIT,0.4698374011007423,0.3474934554396907,0.260396352811467,[60.0],True,0.471065961506414,0.4698374011007423,0.0,False,PASS
2025-04-20,B3,B3-B1,MESS04,WORK_LIMIT,0.4697926945782999,0.35106471460464905,0.25272419376428296,[60.0],True,0.469837401100929,0.4697926945782999,0.0,False,PASS
