day,cohort_id,aggregation_level,cutoff_utc,job_count,H_REQ,H_NOM,H_LOW,H_REALIZED,nominal_error_H_NOM_minus_realized,normalized_overprediction_score,absolute_nominal_error,lower_bound_covered,conformal_overprediction_fraction_quantile,prior_positive_cohort_calibration_count,evaluation_row,April_rows_used
2025-01-15,N01_R02,D_DAY_X_COHORT,2025-01-14 08:00:00+00:00,454,1816.0,45.688220363614874,0.0,0.9099999999999999,44.77822036361488,0.02465761033238705,44.77822036361488,True,,0,False,0
2025-01-15,N04_R02,D_DAY_X_COHORT,2025-01-14 08:00:00+00:00,1,24.0,0.6038090796953508,0.0,18.493333333333332,-17.88952425363798,-0.7453968439015825,17.88952425363798,True,,0,False,0
2025-01-17,N01_R02,D_DAY_X_COHORT,2025-01-16 08:00:00+00:00,35,6.166666666666667,0.02418786352112182,0.0,0.9947222222222222,-0.9705343587011004,-0.1573839500596379,0.9705343587011004,True,,2,False,0
2025-01-18,N01_R02,D_DAY_X_COHORT,2025-01-17 08:00:00+00:00,6,0.9999999999999999,0.003045576685941506,0.0,0.0,0.003045576685941506,0.0030455766859415066,0.003045576685941506,True,,2,False,0
2025-01-19,N01_R02,D_DAY_X_COHORT,2025-01-18 08:00:00+00:00,6,0.9999999999999999,0.07117557859895654,0.0,0.0,0.07117557859895654,0.07117557859895655,0.07117557859895654,True,,3,False,0
2025-01-20,N01_R02,D_DAY_X_COHORT,2025-01-19 08:00:00+00:00,6,0.9999999999999999,0.006983287930793656,0.0,0.0,0.006983287930793656,0.006983287930793657,0.006983287930793656,True,,4,False,0
2025-01-21,N01_R02,D_DAY_X_COHORT,2025-01-20 08:00:00+00:00,12,1441.0000000000002,25.782535290926113,0.0,144.0,-118.21746470907388,-0.08203849042961406,118.21746470907388,True,,5,False,0
2025-01-21,N04_R02,D_DAY_X_COHORT,2025-01-20 08:00:00+00:00,2,44.0,0.36200614637618833,0.0,20.856666666666666,-20.494660520290477,-0.46578773909751087,20.494660520290477,True,,5,False,0
2025-01-22,N01_R02,D_DAY_X_COHORT,2025-01-21 08:00:00+00:00,6,0.9999999999999999,0.001773338628886004,0.0,0.1386111111111111,-0.1368377724822251,-0.13683777248222512,0.1368377724822251,True,,6,False,0
2025-01-22,N04_R02,D_DAY_X_COHORT,2025-01-21 08:00:00+00:00,1,36.0,0.05787243599929547,0.0,10.2,-10.142127564000704,-0.2817257656666862,10.142127564000704,True,,6,False,0
2025-01-23,N01_R02,D_DAY_X_COHORT,2025-01-22 08:00:00+00:00,2,0.3333333333333333,0.0001651954892835729,0.0,0.06944444444444445,-0.06927924895516087,-0.20783774686548262,0.06927924895516087,True,,8,False,0
2025-01-24,N01_R02,D_DAY_X_COHORT,2025-01-23 08:00:00+00:00,55,110.0,16.558624586478317,0.0,0.0,16.558624586478317,0.15053295078616652,16.558624586478317,True,,10,False,0
2025-01-24,N02_R02,D_DAY_X_COHORT,2025-01-23 08:00:00+00:00,23,92.0,13.849031472327315,0.0,0.0,13.849031472327315,0.15053295078616646,13.849031472327315,True,,10,False,0
2025-01-24,N04_R02,D_DAY_X_COHORT,2025-01-23 08:00:00+00:00,1,36.0,3.3260168945248814,0.0,26.714444444444446,-23.388427549919566,-0.6496785430533213,23.388427549919566,True,,10,False,0
2025-01-31,N01_R02,D_DAY_X_COHORT,2025-01-30 08:00:00+00:00,680,2755.166666666667,26.344503487508028,0.0,0.0,26.344503487508028,0.009561854753193887,26.344503487508028,True,,14,False,0
2025-02-01,N01_R02,D_DAY_X_COHORT,2025-01-31 08:00:00+00:00,1,8.0,1.9374496612262706,0.0,0.0,1.9374496612262706,0.24218120765328383,1.9374496612262706,True,,14,False,0
2025-02-01,N04_R02,D_DAY_X_COHORT,2025-01-31 08:00:00+00:00,1,36.0,8.518190839993231,0.0,25.60111111111111,-17.082920271117878,-0.4745255630866077,17.082920271117878,True,,14,False,0
2025-02-02,N01_R02,D_DAY_X_COHORT,2025-02-01 08:00:00+00:00,16,257.1666666666667,0.5666254451737782,0.0,70.93694444444444,-70.37031899927065,-0.2736370149031911,70.37031899927065,True,,15,False,0
2025-02-02,N04_R02,D_DAY_X_COHORT,2025-02-01 08:00:00+00:00,5,40.0,0.03457777046416878,0.0,0.29555555555555557,-0.2609777850913868,-0.00652444462728467,0.2609777850913868,True,,15,False,0
2025-02-02,N08_R02,D_DAY_X_COHORT,2025-02-01 08:00:00+00:00,1,8.0,0.004152936024260129,0.0,0.23777777777777778,-0.23362484175351766,-0.029203105219189708,0.23362484175351766,True,,15,False,0
2025-02-02,N16_R02,D_DAY_X_COHORT,2025-02-01 08:00:00+00:00,5,80.0,0.04152936024260129,0.0,1.9155555555555557,-1.8740261953129544,-0.02342532744141193,1.8740261953129544,True,,15,False,0
2025-02-05,N01_R02,D_DAY_X_COHORT,2025-02-04 08:00:00+00:00,17,292.0,12.592035277510597,0.0,25.154444444444444,-12.562409166933847,-0.043021949201828245,12.562409166933847,True,,21,False,0
2025-02-06,N01_R02,D_DAY_X_COHORT,2025-02-05 08:00:00+00:00,96,492.0,15.944738508229712,0.0,0.0,15.944738508229712,0.03240800509802787,15.944738508229712,True,,21,False,0
2025-02-06,N02_R02,D_DAY_X_COHORT,2025-02-05 08:00:00+00:00,1,1.0,0.004890785616023193,0.0,0.0,0.004890785616023193,0.004890785616023193,0.004890785616023193,True,,21,False,0
2025-02-07,N01_R02,D_DAY_X_COHORT,2025-02-06 08:00:00+00:00,98,500.0,15.45065897509063,0.0,0.0,15.45065897509063,0.030901317950181258,15.45065897509063,True,,22,False,0
2025-02-08,N01_R02,D_DAY_X_COHORT,2025-02-07 08:00:00+00:00,1,168.0,6.673310035114472,0.0,22.428055555555556,-15.754745520441084,-0.09377824714548263,15.754745520441084,True,,24,False,0
2025-02-09,N01_R02,D_DAY_X_COHORT,2025-02-08 08:00:00+00:00,3,144.0,7.82199925431896,0.0,0.0,7.82199925431896,0.054319439266103886,7.82199925431896,True,,25,False,0
2025-02-10,N01_R02,D_DAY_X_COHORT,2025-02-09 08:00:00+00:00,3,144.0,16.04178664299438,0.0,26.49111111111111,-10.449324468116728,-0.07256475325081062,10.449324468116728,True,,26,False,0
2025-02-20,N01_R02,D_DAY_X_COHORT,2025-02-19 08:00:00+00:00,9,680.0,20.001629214189457,0.0,56.966388888888886,-36.96475967469943,-0.054359940698087396,36.96475967469943,True,,28,False,0
2025-02-21,N01_R02,D_DAY_X_COHORT,2025-02-20 08:00:00+00:00,6,456.0,25.585173509606157,0.0,106.11944444444444,-80.53427093483828,-0.1766102432781541,80.53427093483828,True,,28,False,0
2025-02-23,N01_R02,D_DAY_X_COHORT,2025-02-22 08:00:00+00:00,3,224.0,37.83267491656816,4.113293940466868,54.286388888888894,-16.453713972320735,-0.0734540802335747,16.453713972320735,True,0.15053295078616646,30,True,0
2025-02-24,N01_R02,D_DAY_X_COHORT,2025-02-23 08:00:00+00:00,24,1824.0,397.0754528049621,122.50335057099443,83.62222222222223,313.4532305827398,0.17184935887211614,313.4532305827398,False,0.15053295078616646,30,True,0
2025-02-25,N01_R02,D_DAY_X_COHORT,2025-02-24 08:00:00+00:00,19,1440.0,115.61151560105976,0.0,132.03694444444443,-16.425428843384665,-0.011406547807906018,16.425428843384665,True,0.15053295078616646,31,True,0
2025-02-26,N01_R02,D_DAY_X_COHORT,2025-02-25 08:00:00+00:00,11,832.0,10.137108105778756,0.0,32.769444444444446,-22.632336338665688,-0.027202327330127028,22.632336338665688,True,0.15053295078616652,32,True,0
2025-02-27,N01_R02,D_DAY_X_COHORT,2025-02-26 08:00:00+00:00,9,680.0,17.170894366842827,0.0,111.51944444444443,-94.3485500776016,-0.1387478677611788,94.3485500776016,True,0.15053295078616652,33,True,0
2025-02-28,N01_R02,D_DAY_X_COHORT,2025-02-27 08:00:00+00:00,14,1828.0,10.731210203101071,0.0,113.17861111111111,-102.44740090801004,-0.056043435945300896,102.44740090801004,True,0.15053295078616652,34,True,0
2025-03-01,N01_R02,D_DAY_X_COHORT,2025-02-28 08:00:00+00:00,4,960.0,6.231813117485066,0.0,77.34472222222223,-71.11290910473717,-0.07407594698410122,71.11290910473717,True,0.15053295078616652,35,True,0
2025-03-07,N04_R02,D_DAY_X_COHORT,2025-03-06 08:00:00+00:00,1,96.0,4.022816293668953,0.0,59.14111111111111,-55.118294817442155,-0.5741489043483557,55.118294817442155,True,0.15053295078616652,37,True,0
2025-03-15,N01_R02,D_DAY_X_COHORT,2025-03-14 08:00:00+00:00,25,996.0,9.050764941189206,0.0,127.27833333333334,-118.22756839214414,-0.11870237790375918,118.22756839214414,True,0.15053295078616652,38,True,0
2025-03-16,N01_R02,D_DAY_X_COHORT,2025-03-15 08:00:00+00:00,15,656.0,12.341544326045375,0.0,69.75194444444445,-57.410400118399075,-0.08751585383902298,57.410400118399075,True,0.15053295078616652,38,True,0
2025-03-16,N02_R02,D_DAY_X_COHORT,2025-03-15 08:00:00+00:00,1,0.6666666666666666,0.00851284237501465,0.0,0.0,0.00851284237501465,0.012769263562521975,0.00851284237501465,True,0.15053295078616652,38,True,0
2025-03-17,N04_R02,D_DAY_X_COHORT,2025-03-16 08:00:00+00:00,1,192.0,0.32561617786202224,0.0,0.008888888888888889,0.31672728897313335,0.0016496212967350694,0.31672728897313335,True,0.15053295078616646,39,True,0
2025-03-17,N08_R02,D_DAY_X_COHORT,2025-03-16 08:00:00+00:00,1,384.0,0.6512323557240445,0.0,0.08444444444444445,0.5667879112796,0.0014760101856239585,0.5667879112796,True,0.15053295078616646,39,True,0
2025-03-20,N01_R02,D_DAY_X_COHORT,2025-03-19 08:00:00+00:00,5,240.0,27.30751682466353,0.0,34.19027777777778,-6.88276095311425,-0.028678170637976043,6.88276095311425,True,0.15053295078616646,43,True,0
2025-03-21,N01_R02,D_DAY_X_COHORT,2025-03-20 08:00:00+00:00,2,58.0,2.6105314884074664,0.0,0.0,2.6105314884074664,0.045009163593232177,2.6105314884074664,True,0.15053295078616646,43,True,0
2025-03-21,N08_R02,D_DAY_X_COHORT,2025-03-20 08:00:00+00:00,1,72.0,3.350735777656209,0.0,0.0,3.350735777656209,0.04653799691189179,3.350735777656209,True,0.15053295078616646,43,True,0
2025-03-22,N01_R02,D_DAY_X_COHORT,2025-03-21 08:00:00+00:00,1,4.0,0.1591054261413241,0.0,0.015000000000000124,0.144105426141324,0.036026356535331,0.144105426141324,True,0.15053295078616646,44,True,0
2025-03-23,N01_R02,D_DAY_X_COHORT,2025-03-22 08:00:00+00:00,18,864.0,58.20307550163098,0.0,415.8644444444444,-357.66136894281345,-0.41395991775788593,357.66136894281345,True,0.15053295078616646,46,True,0
2025-03-24,N01_R02,D_DAY_X_COHORT,2025-03-23 08:00:00+00:00,97,1728.4166666666667,135.79685902304172,0.0,596.1880555555556,-460.39119653251385,-0.266365862706242,460.39119653251385,True,0.15053295078616646,47,True,0
2025-03-24,N02_R01,D_DAY_X_COHORT,2025-03-23 08:00:00+00:00,1,0.16666666666666666,0.01144258770162528,0.0,0.0,0.01144258770162528,0.06865552620975168,0.01144258770162528,True,0.15053295078616646,47,True,0
2025-03-24,N04_R00,D_DAY_X_COHORT,2025-03-23 08:00:00+00:00,1,0.3333333333333333,0.017821795503672567,0.0,0.0,0.017821795503672567,0.053465386511017704,0.017821795503672567,True,0.15053295078616646,47,True,0
2025-03-24,N04_R01,D_DAY_X_COHORT,2025-03-23 08:00:00+00:00,1,2.0,0.04615077923258905,0.0,0.0,0.04615077923258905,0.023075389616294524,0.04615077923258905,True,0.15053295078616646,47,True,0
2025-03-24,N08_R01,D_DAY_X_COHORT,2025-03-23 08:00:00+00:00,1,0.6666666666666666,0.035643591007345134,0.0,0.11333333333333333,-0.07768974232598819,-0.11653461348898228,0.07768974232598819,True,0.15053295078616646,47,True,0
2025-03-24,N08_R02,D_DAY_X_COHORT,2025-03-23 08:00:00+00:00,1,4.0,0.0923015584651781,0.0,0.04,0.052301558465178095,0.013075389616294524,0.052301558465178095,True,0.15053295078616646,47,True,0
2025-03-24,N16_R01,D_DAY_X_COHORT,2025-03-23 08:00:00+00:00,1,1.3333333333333333,0.07128718201469027,0.0,0.21333333333333335,-0.14204615131864307,-0.1065346134889823,0.14204615131864307,True,0.15053295078616646,47,True,0
2025-03-28,N01_R02,D_DAY_X_COHORT,2025-03-27 08:00:00+00:00,29,1140.6666666666665,86.97756934158811,5.789959353045006,0.0,86.97756934158811,0.0762515219242444,86.97756934158811,False,0.07117557859895655,55,True,0
2025-03-28,N04_R02,D_DAY_X_COHORT,2025-03-27 08:00:00+00:00,5,2015.6666666666667,133.35286696407587,0.0,0.0,133.35286696407587,0.06615819429340625,133.35286696407587,True,0.07117557859895655,55,True,0
2025-03-29,N01_R02,D_DAY_X_COHORT,2025-03-28 08:00:00+00:00,31,1331.3333333333333,96.99708373260191,2.238663424524418,316.1022222222222,-219.10513848962032,-0.16457571744338031,219.10513848962032,True,0.07117557859895655,55,True,0
2025-03-29,N04_R02,D_DAY_X_COHORT,2025-03-28 08:00:00+00:00,5,2015.6666666666667,177.13357246358325,33.66733120095316,88.55444444444444,88.5791280191388,0.04394532562550296,88.5791280191388,True,0.07117557859895655,55,True,0
2025-03-30,N01_R02,D_DAY_X_COHORT,2025-03-29 08:00:00+00:00,8,384.0,15.834387240551857,0.0,140.2588888888889,-124.42450164833703,-0.324022139709211,124.42450164833703,True,0.0762515219242444,57,True,0
2025-03-30,N08_R02,D_DAY_X_COHORT,2025-03-29 08:00:00+00:00,2,32.0,3.2888979235946363,0.8488492220188153,6.1755555555555555,-2.886657631960919,-0.09020805099877872,2.886657631960919,True,0.0762515219242444,57,True,0
2025-03-31,N04_R02,D_DAY_X_COHORT,2025-03-30 08:00:00+00:00,3,576.0,135.7082274954541,94.71109422245513,79.79555555555555,55.91267193989856,0.09707061100676834,55.91267193989856,False,0.07117557859895655,59,True,0
