date,jobs_1d,requested_GPU_1d,requested_GPU_h_1d,requested_nodes_1d,unique_accounts_1d,full_requested_GPU_h_1d,jobs_7d,requested_GPU_7d,requested_GPU_h_7d,requested_nodes_7d,unique_accounts_7d,full_requested_GPU_h_7d,jobs_28d,requested_GPU_28d,requested_GPU_h_28d,requested_nodes_28d,unique_accounts_28d,full_requested_GPU_h_28d,account_entropy_28d,full_share_7d,full_share_28d,dow_sin,dow_cos,month_sin,month_cos,holiday
2024-08-19,336.0,944.0,9349.416666666666,383.0,12.0,1736.0,3714.0,9560.0,155950.65000000002,4345.0,42.0,47020.066666666666,21271.0,74740.0,661949.3666666667,27492.0,62.0,344409.5333333334,2.7703767729676962,0.30150606404440544,0.5202958876864752,0.0,1.0,-0.8660254037844385,-0.5000000000000004,0.0
2024-08-20,230.0,1548.0,15137.0,440.0,11.0,11448.0,3813.0,10503.0,158314.48333333334,4620.0,41.0,48988.066666666666,21341.0,75759.0,674507.7,27772.0,63.0,354521.5333333333,2.8060504193485225,0.30943515485896267,0.5256004243292306,0.7818314824680298,0.6234898018587336,-0.8660254037844385,-0.5000000000000004,0.0
2024-08-21,425.0,2365.0,24811.333333333332,760.0,23.0,13256.0,3669.0,11879.0,173016.48333333334,4793.0,44.0,56394.06666666667,18897.0,66405.0,660411.3666666666,25520.0,64.0,334325.5333333334,2.8233378309000026,0.32594620801544055,0.5062383087389826,0.9749279121818236,-0.22252093395631434,-0.8660254037844385,-0.5000000000000004,0.0
2024-08-22,613.0,3633.0,25728.066666666666,1159.0,25.0,13921.066666666666,4025.0,14415.0,185258.31666666668,5584.0,42.0,66835.06666666667,17376.0,66646.0,661085.0,24474.0,64.0,332232.6,2.818260985749582,0.3607668895476487,0.5025565547546835,0.43388373911755823,-0.900968867902419,-0.8660254037844385,-0.5000000000000004,0.0
2024-08-23,493.0,1598.0,19345.5,638.0,18.0,4394.666666666666,4211.0,14444.0,180687.48333333334,5726.0,42.0,64520.4,15674.0,60862.0,626995.8333333333,22058.0,65.0,296336.60000000003,2.871241454095571,0.35708284165413046,0.4726292971112249,-0.433883739117558,-0.9009688679024191,-0.8660254037844385,-0.5000000000000004,0.0
2024-08-24,341.0,693.0,9501.333333333332,344.0,17.0,3024.6666666666665,2904.0,11976.0,125040.48333333332,4298.0,41.0,54632.399999999994,15506.0,59957.0,604641.8333333333,21794.0,65.0,285682.6,2.865952041737234,0.4369176969218902,0.47248235939127603,-0.9749279121818236,-0.2225209339563146,-0.8660254037844385,-0.5000000000000004,0.0
2024-08-25,296.0,1110.0,11519.666666666664,392.0,18.0,2059.666666666667,2734.0,11891.0,115392.31666666667,4116.0,41.0,49840.066666666666,15303.0,59423.0,578688.0499999999,21674.0,64.0,256694.26666666666,2.9196337856365853,0.43191841628970384,0.44357969145322196,-0.7818314824680299,0.6234898018587334,-0.8660254037844385,-0.5000000000000004,0.0
2024-08-26,256.0,735.0,8762.0,277.0,11.0,2168.0,2654.0,11682.0,114804.9,4010.0,41.0,50272.066666666666,15441.0,59745.0,579031.05,21811.0,65.0,254331.6,2.920470173149524,0.43789129790337056,0.4392365487135793,0.0,1.0,-0.8660254037844385,-0.5000000000000004,0.0
2024-08-27,157.0,666.0,4242.0,183.0,8.0,2592.0,2581.0,10800.0,103909.9,3753.0,40.0,41416.066666666666,15358.0,59475.0,575155.3833333333,21745.0,64.0,250776.93333333332,2.910028694413087,0.39857671566103586,0.43601597168394174,0.7818314824680298,0.6234898018587336,-0.8660254037844385,-0.5000000000000004,0.0
2024-08-28,592.0,4023.0,50916.0,1317.0,23.0,7018.0,2748.0,12458.0,130014.56666666667,4310.0,42.0,35178.066666666666,15822.0,62986.0,624871.3833333333,22934.0,64.0,256594.93333333332,2.963724183666782,0.27057019508326885,0.4106363968286487,0.9749279121818236,-0.22252093395631434,-0.8660254037844385,-0.5000000000000004,0.0
2024-08-29,2125.0,8675.0,88518.51666666666,2676.0,22.0,36884.0,4260.0,17500.0,192805.01666666666,5827.0,45.0,58141.0,15519.0,50638.0,686417.5666666667,19922.0,70.0,267318.93333333335,3.086262756894458,0.3015533568844725,0.38944069370408013,0.43388373911755823,-0.900968867902419,-0.8660254037844385,-0.5000000000000004,0.0
2024-08-30,762.0,1840.0,40311.5,883.0,25.0,11096.0,4529.0,17742.0,213771.01666666666,6072.0,47.0,64842.333333333336,15200.0,50515.0,702583.7666666666,19629.0,71.0,266414.8,3.096988076694836,0.3033261213069031,0.3791929341948455,-0.433883739117558,-0.9009688679024191,-0.8660254037844385,-0.5000000000000004,0.0
2024-08-31,255.0,886.0,6959.0,272.0,16.0,3648.0,4443.0,17935.0,211228.68333333332,6000.0,45.0,65465.66666666667,15034.0,50102.0,694730.4166666667,19403.0,72.0,263846.8,3.097025382263016,0.30992792093182425,0.3797829973616864,-0.9749279121818236,-0.2225209339563146,-0.8660254037844385,-0.5000000000000004,0.0
2024-09-01,1100.0,1596.0,25518.0,1130.0,22.0,10184.0,5247.0,18421.0,225227.01666666666,6738.0,42.0,73590.0,15793.0,50624.0,700916.4166666667,20131.0,69.0,271968.1333333333,3.108907213322767,0.326737001133893,0.3880179246289113,-0.7818314824680299,0.6234898018587334,-1.0,-1.8369701987210297e-16,0.0
2024-09-02,110.0,298.0,7596.0,138.0,8.0,312.0,5101.0,17984.0,224061.01666666666,6599.0,44.0,71734.0,15675.0,50190.0,698801.4166666667,20002.0,71.0,271274.8,3.112346417590916,0.32015386285030545,0.38820012886350513,0.0,1.0,-1.0,-1.8369701987210297e-16,0.0
2024-09-03,170.0,765.0,10696.333333333334,263.0,10.0,3304.0,5114.0,18083.0,230515.35,6679.0,43.0,72446.0,15191.0,49890.0,682948.4166666667,19595.0,70.0,273662.1333333333,3.0989535307345277,0.3142784200705072,0.400706885988583,0.7818314824680298,0.6234898018587336,-1.0,-1.8369701987210297e-16,0.0
2024-09-04,287.0,761.0,9954.333333333334,332.0,13.0,2216.0,4809.0,14821.0,189553.68333333335,5694.0,44.0,67644.0,15049.0,48865.0,671930.9166666666,19314.0,69.0,264510.13333333336,3.0921251544684445,0.35685932771375845,0.3936567387693998,0.9749279121818236,-0.22252093395631434,-1.0,-1.8369701987210297e-16,0.0
2024-09-05,466.0,1200.0,16089.166666666668,568.0,26.0,6055.333333333334,3150.0,7346.0,117124.33333333334,3586.0,44.0,36815.33333333333,14823.0,48023.0,650663.3333333333,19011.0,70.0,254356.8,3.0956404036958918,0.314326940316985,0.390919215774671,0.43388373911755823,-0.900968867902419,-1.0,-1.8369701987210297e-16,0.0
2024-09-06,647.0,2096.0,28816.000000000004,853.0,23.0,10251.0,3035.0,7602.0,105628.83333333333,3556.0,44.0,35970.33333333333,14300.0,47563.0,646723.8333333333,18406.0,70.0,260599.80000000002,3.1114550046332847,0.3405351758437169,0.40295375950012674,-0.433883739117558,-0.9009688679024191,-1.0,-1.8369701987210297e-16,0.0
2024-09-07,363.0,1364.0,31209.583333333336,531.0,23.0,20136.0,3143.0,8080.0,129879.41666666666,3815.0,45.0,52458.333333333336,14019.0,47424.0,617972.3166666667,18277.0,71.0,225913.13333333333,3.116533847678068,0.40390028443049425,0.36557160772493075,-0.9749279121818236,-0.2225209339563146,-1.0,-1.8369701987210297e-16,0.0
2024-09-08,355.0,1597.0,40160.2,544.0,18.0,27641.533333333333,2398.0,8081.0,144521.61666666667,3229.0,43.0,69915.86666666667,14032.0,47726.0,643363.1833333333,18354.0,71.0,241346.6666666667,3.101719878711325,0.48377445726977175,0.3751328532917035,-0.7818314824680299,0.6234898018587334,-1.0,-1.8369701987210297e-16,0.0
2024-09-09,15.0,306.0,2772.0,82.0,5.0,1536.0,2303.0,8089.0,139697.61666666667,3173.0,41.0,71139.86666666667,13772.0,47315.0,634514.1833333333,18127.0,71.0,240166.0,3.0837275585047164,0.5092418064397901,0.37850375343592924,0.0,1.0,-1.0,-1.8369701987210297e-16,0.0
2024-09-10,69.0,260.0,26658.0,85.0,7.0,25488.0,2202.0,7584.0,155659.28333333333,2995.0,39.0,93323.86666666667,13710.0,46970.0,648399.0166666666,18047.0,70.0,256174.0,3.0903831767262244,0.5995393571665123,0.39508696561101614,0.7818314824680298,0.6234898018587336,-1.0,-1.8369701987210297e-16,0.0
2024-09-11,144.0,827.0,14385.333333333334,245.0,16.0,10200.0,2059.0,7650.0,160090.28333333333,2908.0,40.0,101307.86666666667,13285.0,46808.0,652675.0166666666,17705.0,70.0,260524.0,3.098710432441284,0.6328170864419526,0.3991634325618051,0.9749279121818236,-0.22252093395631434,-1.0,-1.8369701987210297e-16,0.0
2024-09-12,298.0,2233.0,41263.91666666667,660.0,22.0,22330.0,1891.0,8683.0,185265.03333333333,3000.0,36.0,117582.53333333333,13326.0,47944.0,680452.7,17997.0,70.0,279373.93333333335,3.08265012498673,0.6346720221175034,0.4105706882099716,0.43388373911755823,-0.900968867902419,-1.0,-1.8369701987210297e-16,0.0
2024-09-13,1531.0,5587.0,25143.0,1683.0,26.0,19936.666666666668,2775.0,12174.0,181592.03333333335,3830.0,37.0,127268.20000000001,14550.0,51962.0,681679.3666666667,19184.0,70.0,292601.26666666666,3.0441205724515332,0.7008468249616677,0.4292359149690169,-0.433883739117558,-0.9009688679024191,-1.0,-1.8369701987210297e-16,0.0
2024-09-14,1743.0,2680.0,23490.966666666667,1873.0,25.0,10352.0,4155.0,13490.0,173873.41666666663,5172.0,35.0,117484.20000000001,14645.0,51481.0,640022.0,19285.0,73.0,290040.6,3.0836641266599645,0.6756881083508551,0.45317285968294835,-0.9749279121818236,-0.2225209339563146,-1.0,-1.8369701987210297e-16,0.0
2024-09-15,1318.0,4524.0,37110.0,1517.0,20.0,13639.333333333332,5118.0,16417.0,170823.21666666667,6145.0,34.0,103482.0,15497.0,54810.0,655964.1666666666,20228.0,71.0,296827.93333333335,3.0872514648288143,0.6057841669257876,0.45250632338910796,-0.7818314824680299,0.6234898018587334,-1.0,-1.8369701987210297e-16,0.0
2024-09-16,145.0,576.0,9296.7,195.0,14.0,6853.333333333333,5248.0,16687.0,177347.9166666667,6258.0,37.0,108799.33333333333,15306.0,54442.0,655911.45,20040.0,71.0,301945.26666666666,3.0959253327461673,0.6134796245609501,0.4603445581970961,0.0,1.0,-1.0,-1.8369701987210297e-16,0.0
2024-09-17,324.0,1092.0,12355.25,420.0,9.0,3648.0,5503.0,17519.0,163045.16666666666,6593.0,37.0,86959.33333333333,15400.0,53986.0,653129.7,20020.0,70.0,294145.26666666666,3.082896237241608,0.5333450546934336,0.4503627176450048,0.7818314824680298,0.6234898018587336,-1.0,-1.8369701987210297e-16,0.0
2024-09-18,478.0,2078.0,23013.033333333333,743.0,21.0,10184.0,5837.0,18770.0,171672.86666666664,7091.0,40.0,86943.33333333334,15453.0,53699.0,651331.3999999999,20003.0,70.0,291073.26666666666,3.0415949947472978,0.5064477282956384,0.4468896581166925,0.9749279121818236,-0.22252093395631434,-1.0,-1.8369701987210297e-16,0.0
2024-09-19,515.0,1823.0,17906.199999999997,736.0,25.0,4216.0,6054.0,18360.0,148315.15,7167.0,44.0,68829.33333333333,15355.0,51889.0,643509.5333333333,19580.0,69.0,281368.2,3.01147781641587,0.4640748658065837,0.4372401424148806,0.43388373911755823,-0.900968867902419,-1.0,-1.8369701987210297e-16,0.0
2024-09-20,1604.0,5567.0,33114.416666666664,1841.0,25.0,11994.0,6127.0,18340.0,156286.56666666668,7325.0,43.0,60886.66666666667,16466.0,55858.0,657278.45,20783.0,71.0,288967.5333333333,2.989540956309124,0.38958349374023826,0.4396424884055355,-0.433883739117558,-0.9009688679024191,-1.0,-1.8369701987210297e-16,0.0
2024-09-21,616.0,1060.0,22550.333333333332,682.0,25.0,8368.0,5000.0,16720.0,155345.93333333335,6134.0,47.0,58902.666666666664,16741.0,56225.0,670327.45,21121.0,72.0,294310.86666666664,2.9825613504403328,0.3791709599521755,0.4390553701279377,-0.9749279121818236,-0.2225209339563146,-1.0,-1.8369701987210297e-16,0.0
2024-09-22,1216.0,4175.0,19851.933333333334,1286.0,24.0,12473.599999999999,4898.0,16371.0,138087.86666666667,5903.0,49.0,57736.93333333333,17661.0,59290.0,678659.7166666667,22015.0,72.0,304724.8,2.9806369921694214,0.41811735329872085,0.44900970621432934,-0.7818314824680299,0.6234898018587334,-1.0,-1.8369701987210297e-16,0.0
2024-09-23,286.0,944.0,15399.999999999998,366.0,14.0,6730.666666666666,5039.0,16739.0,144191.1666666667,6074.0,48.0,57614.26666666666,17691.0,59499.0,685297.7166666667,22104.0,72.0,309287.4666666667,3.0077224304499834,0.39956862822156225,0.4513183965810675,0.0,1.0,-1.0,-1.8369701987210297e-16,0.0
2024-09-24,631.0,1210.0,16495.0,721.0,12.0,3508.0,5346.0,16857.0,148330.91666666666,6375.0,46.0,57474.26666666666,18165.0,60043.0,697550.7166666667,22642.0,72.0,310203.4666666667,3.006855443948443,0.38747327905904083,0.4447038175933826,0.7818314824680298,0.6234898018587336,-1.0,-1.8369701987210297e-16,0.0
2024-09-25,959.0,1338.0,21745.916666666668,986.0,26.0,8256.0,5827.0,16117.0,147063.8,6618.0,47.0,55546.26666666666,18532.0,57358.0,668380.6333333333,22311.0,71.0,311441.4666666666,2.9893484146186204,0.3777018319033417,0.46596422926477166,0.9749279121818236,-0.22252093395631434,-1.0,-1.8369701987210297e-16,0.0
2024-09-26,691.0,1429.0,18641.166666666664,786.0,28.0,5025.333333333333,6003.0,15723.0,147798.76666666666,6668.0,49.0,56355.59999999999,17098.0,50112.0,598503.2833333333,20421.0,69.0,279582.79999999993,2.945580352974592,0.38129952820986546,0.4671366186044592,0.43388373911755823,-0.900968867902419,-1.0,-1.8369701987210297e-16,0.0
2024-09-27,956.0,3790.0,31253.833333333332,1585.0,24.0,4696.666666666666,5355.0,13946.0,145938.18333333332,6412.0,49.0,49058.26666666666,17292.0,52062.0,589445.6166666668,21123.0,69.0,273183.4666666667,2.9058906509970717,0.3361578549639339,0.4634583054693453,-0.433883739117558,-0.9009688679024191,-1.0,-1.8369701987210297e-16,1.0
2024-09-28,1313.0,3527.0,33166.33333333333,1723.0,25.0,4776.0,6052.0,16413.0,156554.18333333335,7453.0,50.0,45466.26666666666,18350.0,54703.0,615652.9500000001,22574.0,70.0,274311.4666666667,2.877392578466105,0.29041872723298884,0.4455618488738934,-0.9749279121818236,-0.2225209339563146,-1.0,-1.8369701987210297e-16,0.0
2024-09-29,1354.0,4164.0,44614.0,1560.0,22.0,31132.0,6190.0,16402.0,181316.25,7727.0,51.0,64124.666666666664,18604.0,57271.0,634748.9500000001,23004.0,70.0,295259.4666666667,2.8865109920332164,0.353661994811092,0.46515944085715566,-0.7818314824680299,0.6234898018587334,-1.0,-1.8369701987210297e-16,0.0
2024-09-30,904.0,1515.0,22105.466666666667,926.0,9.0,649.4666666666666,6808.0,16973.0,188021.71666666667,8287.0,50.0,58043.46666666667,19398.0,58488.0,649258.4166666666,23792.0,69.0,295596.93333333335,2.879083554868317,0.30870618402856476,0.45528394510608966,0.0,1.0,-1.0,-1.8369701987210297e-16,0.0
2024-10-01,726.0,1433.0,7887.0,817.0,14.0,1590.0,6903.0,17196.0,179413.71666666667,8383.0,50.0,56125.46666666667,19954.0,59156.0,646449.0833333334,24346.0,70.0,293882.93333333335,2.895126806860798,0.31282706645524966,0.4546111069072339,0.7818314824680298,0.6234898018587336,-0.8660254037844386,0.5000000000000001,0.0
2024-10-02,1522.0,5391.0,15166.05,1766.0,18.0,11586.0,7466.0,21249.0,172833.84999999998,9163.0,47.0,59455.46666666667,21189.0,63786.0,651660.8,25780.0,69.0,303252.93333333335,2.892431766453665,0.3440036003749652,0.4653539591967682,0.9749279121818236,-0.22252093395631434,-0.8660254037844386,0.5000000000000001,0.0
2024-10-03,0.0,0.0,0.0,0.0,0.0,0.0,6775.0,19820.0,154192.68333333332,8377.0,41.0,54430.13333333333,20723.0,62586.0,635571.6333333333,25212.0,67.0,297197.6,2.8715615798018286,0.3530007530621049,0.4676067722552543,0.43388373911755823,-0.900968867902419,-0.8660254037844386,0.5000000000000001,0.0
2024-10-04,0.0,0.0,0.0,0.0,0.0,0.0,5819.0,16030.0,122938.84999999999,6792.0,35.0,49733.46666666667,20076.0,60490.0,606755.6333333333,24359.0,67.0,286946.6,2.838178926191208,0.40453824536886973,0.47291954822669136,-0.433883739117558,-0.9009688679024191,-0.8660254037844386,0.5000000000000001,0.0
2024-10-05,0.0,0.0,0.0,0.0,0.0,0.0,4506.0,12503.0,89772.51666666668,5069.0,30.0,44957.46666666667,19713.0,59126.0,575546.0499999999,23828.0,67.0,266810.6,2.8524803360977167,0.5007932086119156,0.4635781967402956,-0.9749279121818236,-0.2225209339563146,-0.8660254037844386,0.5000000000000001,0.0
2024-10-06,0.0,0.0,0.0,0.0,0.0,0.0,3152.0,8339.0,45158.51666666666,3509.0,22.0,13825.466666666667,19358.0,57529.0,535385.85,23284.0,67.0,239169.06666666665,2.873853730685919,0.3061541362998711,0.4467228012594406,-0.7818314824680299,0.6234898018587334,-0.8660254037844386,0.5000000000000001,0.0
2024-10-07,0.0,0.0,0.0,0.0,0.0,0.0,2248.0,6824.0,23053.05,2583.0,22.0,13176.0,19343.0,57223.0,532613.85,23202.0,67.0,237633.06666666665,2.8757683698029743,0.5715512697885963,0.4461638890289215,0.0,1.0,-0.8660254037844386,0.5000000000000001,0.0
2024-10-08,0.0,0.0,0.0,0.0,0.0,0.0,1522.0,5391.0,15166.05,1766.0,18.0,11586.0,19274.0,56963.0,505955.85,23117.0,67.0,212145.06666666665,2.8776634637906997,0.7639431493368412,0.41929560981786584,0.7818314824680298,0.6234898018587336,-0.8660254037844386,0.5000000000000001,0.0
2024-10-09,9.0,14.0,2.333333333333333,14.0,1.0,0.0,9.0,14.0,2.333333333333333,14.0,1.0,0.0,19139.0,56150.0,491572.85,22886.0,67.0,201945.06666666665,2.885975945122248,0.0,0.41081411771758075,0.9749279121818236,-0.22252093395631434,-0.8660254037844386,0.5000000000000001,0.0
2024-10-10,1249.0,5557.0,26021.666666666668,1905.0,4.0,2486.3333333333335,1258.0,5571.0,26024.0,1919.0,4.0,2486.3333333333335,20090.0,59474.0,476330.6,24131.0,65.0,182101.4,2.8451789996536245,0.09554001434573214,0.38230044427126875,0.43388373911755823,-0.900968867902419,-0.8660254037844386,0.5000000000000001,0.0
2024-10-11,731.0,24338.0,14564.5,6119.0,6.0,2788.0,1989.0,29909.0,40588.5,8038.0,9.0,5274.333333333334,19290.0,78225.0,465752.1,28567.0,65.0,164952.73333333334,2.846723726891483,0.12994649551802442,0.35416422885336074,-0.433883739117558,-0.9009688679024191,-0.8660254037844386,0.5000000000000001,0.0
2024-10-12,671.0,20958.0,26746.01666666667,5527.0,16.0,4777.333333333333,2660.0,50867.0,67334.51666666666,13565.0,20.0,10051.666666666668,18218.0,96503.0,469007.14999999997,32221.0,66.0,159378.06666666665,2.8084509665869004,0.1492795547404984,0.33982012143453816,-0.9749279121818236,-0.2225209339563146,-0.8660254037844386,0.5000000000000001,0.0
2024-10-13,786.0,1593.0,106237.25,797.0,20.0,83132.66666666666,3446.0,52460.0,173571.76666666666,14362.0,25.0,93184.33333333333,17686.0,93572.0,538134.3999999999,31501.0,67.0,228871.4,2.7222578773892874,0.5368634261370848,0.42530527689736997,-0.7818314824680299,0.6234898018587334,-0.8660254037844386,0.5000000000000001,0.0
2024-10-14,2410.0,2628.0,29966.0,2449.0,12.0,246.0,5856.0,55088.0,203537.76666666666,16811.0,26.0,93430.33333333333,19951.0,95624.0,558803.7,33755.0,67.0,222264.06666666665,2.7621270829093167,0.4590319274080666,0.3977498120836828,0.0,1.0,-0.8660254037844386,0.5000000000000001,0.0
2024-10-15,74.0,871.0,4808.666666666667,244.0,9.0,456.0,5930.0,55959.0,208346.43333333335,17055.0,27.0,93886.33333333333,19701.0,95403.0,551257.1166666667,33579.0,67.0,219072.06666666665,2.7596907950041105,0.4506260646330558,0.3974045142334821,0.7818314824680298,0.6234898018587336,-0.8660254037844386,0.5000000000000001,0.0
2024-10-16,69.0,124.0,890.3333333333334,73.0,7.0,613.3333333333334,5990.0,56069.0,209234.43333333335,17114.0,27.0,94499.66666666667,19292.0,93449.0,529134.4166666666,32909.0,67.0,209501.40000000002,2.7278623668236204,0.451644909306674,0.3959322875268147,0.9749279121818236,-0.22252093395631434,-0.8660254037844386,0.5000000000000001,0.0
2024-10-17,777.0,2900.0,32904.16666666667,1262.0,19.0,3348.0,5518.0,53412.0,216116.93333333335,16471.0,28.0,95361.33333333334,19554.0,94526.0,544132.3833333333,33435.0,68.0,208633.40000000002,2.7018090698305257,0.44124878075264196,0.3834239725302143,0.43388373911755823,-0.900968867902419,-0.8660254037844386,0.5000000000000001,0.0
2024-10-18,712.0,2026.0,34438.58333333333,979.0,20.0,1813.3333333333335,5499.0,31100.0,235991.01666666666,11331.0,31.0,94386.66666666667,18662.0,90985.0,545456.55,32573.0,68.0,198452.73333333334,2.78938774958822,0.399958727242513,0.363828674040734,-0.433883739117558,-0.9009688679024191,-0.8660254037844386,0.5000000000000001,0.0
2024-10-19,538.0,883.0,16257.25,579.0,18.0,5870.666666666667,5366.0,11025.0,225502.25,6383.0,35.0,95480.0,18584.0,90808.0,539163.4666666667,32470.0,69.0,195955.4,2.788626520819543,0.42341040943050456,0.36344339354347943,-0.9749279121818236,-0.2225209339563146,-0.8660254037844386,0.5000000000000001,0.0
2024-10-20,176.0,366.0,9284.0,200.0,15.0,5232.0,4756.0,9798.0,128549.0,5786.0,31.0,17579.333333333336,17544.0,86999.0,528595.5333333333,31384.0,67.0,188713.8,2.7729804084465743,0.13675200377547345,0.3570098271734671,-0.7818314824680299,0.6234898018587334,-0.8660254037844386,0.5000000000000001,0.0
2024-10-21,162.0,1748.0,9361.0,452.0,10.0,7208.0,2508.0,8918.0,107944.0,3789.0,30.0,24541.333333333336,17420.0,87803.0,522556.5333333333,31470.0,66.0,189191.13333333336,2.7651980333146846,0.22735245435905038,0.36204912055448424,0.0,1.0,-0.8660254037844386,0.5000000000000001,0.0
2024-10-22,745.0,3393.0,16107.916666666666,1307.0,11.0,2530.666666666666,3179.0,11440.0,119243.24999999999,4852.0,30.0,26616.0,17534.0,89986.0,522169.45,32056.0,65.0,188213.8,2.767353512625794,0.22320760294607875,0.3604458284566437,0.7818314824680298,0.6234898018587336,-0.8660254037844386,0.5000000000000001,0.0
2024-10-23,668.0,2574.0,27801.666666666664,997.0,17.0,12356.666666666668,3778.0,13890.0,146154.58333333334,5776.0,32.0,38359.333333333336,17243.0,91222.0,528225.2,32067.0,65.0,192314.46666666667,2.7175067818418226,0.2624572726935807,0.36407666023254226,0.9749279121818236,-0.22252093395631434,-0.8660254037844386,0.5000000000000001,0.0
2024-10-24,962.0,4997.0,30429.666666666664,1783.0,23.0,5438.666666666667,3963.0,15987.0,143680.08333333334,6297.0,34.0,40450.0,17514.0,94790.0,540013.7,33064.0,65.0,192727.8,2.6576520653885187,0.2815282331522404,0.35689427879329727,0.43388373911755823,-0.900968867902419,-0.8660254037844386,0.5000000000000001,0.0
2024-10-25,223.0,837.0,5759.0,333.0,18.0,655.0,3474.0,14798.0,115000.5,5651.0,33.0,39291.66666666667,16781.0,91837.0,514518.86666666664,31812.0,62.0,188686.13333333336,2.6197741990293792,0.341665181165879,0.36672344894900527,-0.433883739117558,-0.9009688679024191,-0.8660254037844386,0.5000000000000001,0.0
2024-10-26,1138.0,5115.0,24297.583333333336,1852.0,21.0,13090.2,4074.0,19030.0,123040.83333333333,6924.0,36.0,46511.200000000004,16606.0,93425.0,505650.11666666664,31941.0,60.0,197000.3333333333,2.6522997821668928,0.378014344831323,0.389598117037911,-0.9749279121818236,-0.2225209339563146,-0.8660254037844386,0.5000000000000001,0.0
2024-10-27,1177.0,2184.0,54126.0,1256.0,22.0,23024.666666666668,5075.0,20848.0,167882.8333333333,7980.0,36.0,64303.86666666667,16429.0,91445.0,515162.1166666667,31637.0,58.0,188893.0,2.5514052225465322,0.383028242911475,0.366667101265566,-0.7818314824680299,0.6234898018587334,-0.8660254037844386,0.5000000000000001,0.0
2024-10-28,196.0,1514.0,5764.583333333334,417.0,10.0,3437.9999999999995,5109.0,20614.0,164286.4166666667,7945.0,37.0,60533.86666666667,15721.0,91444.0,498821.23333333334,31128.0,59.0,191681.53333333335,2.5479547045590225,0.3684654391694992,0.38426899362811145,0.0,1.0,-0.8660254037844386,0.5000000000000001,0.0
2024-10-29,159.0,1687.0,7572.0,424.0,8.0,6654.0,4523.0,18908.0,155750.5,7062.0,38.0,64657.200000000004,15154.0,91698.0,498506.23333333334,30735.0,57.0,196745.53333333335,2.5365813251094185,0.4151331777426076,0.3946701569161255,0.7818314824680298,0.6234898018587336,-0.8660254037844386,0.5000000000000001,0.0
2024-10-30,1236.0,14655.0,13549.5,3777.0,18.0,4314.0,5091.0,30989.0,141498.3333333333,9842.0,39.0,56614.53333333333,14868.0,100962.0,496889.68333333335,32746.0,50.0,189473.53333333333,2.4755003456994884,0.40010742175997366,0.3813191130519547,0.9749279121818236,-0.22252093395631434,-0.8660254037844386,0.5000000000000001,0.0
2024-10-31,1276.0,2042.0,39780.65,1344.0,18.0,4264.933333333334,5405.0,28034.0,150849.31666666665,9403.0,35.0,55440.8,16144.0,103004.0,536670.3333333334,34090.0,50.0,193738.46666666667,2.426437775771827,0.3675243695170866,0.3610008875715756,0.43388373911755823,-0.900968867902419,-0.8660254037844386,0.5000000000000001,0.0
2024-11-01,975.0,2030.0,22251.616666666665,1113.0,22.0,3830.333333333333,6157.0,29227.0,167341.93333333335,10183.0,37.0,58616.13333333333,17119.0,105034.0,558921.95,35203.0,53.0,197568.8,2.411320720449838,0.3502776152141981,0.35348191281448155,-0.433883739117558,-0.9009688679024191,-0.5000000000000004,0.8660254037844384,0.0
2024-11-02,638.0,1405.0,9484.833333333332,713.0,24.0,2288.333333333333,5657.0,25517.0,152529.18333333335,9044.0,40.0,47814.26666666667,17757.0,106439.0,568406.7833333332,35916.0,57.0,199857.13333333336,2.4271255307667383,0.31347618614186507,0.3516093389338218,-0.9749279121818236,-0.2225209339563146,-0.5000000000000004,0.8660254037844384,0.0
2024-11-03,2112.0,3558.0,64716.00000000001,2355.0,19.0,6294.333333333334,6592.0,26891.0,163119.18333333335,10143.0,37.0,31083.933333333334,19869.0,109997.0,633122.7833333332,38271.0,57.0,206151.46666666667,2.3251212339442664,0.19055964294410088,0.3256105641646604,-0.7818314824680299,0.6234898018587334,-0.5000000000000004,0.8660254037844384,0.0
2024-11-04,179.0,1135.0,3882.416666666667,326.0,9.0,1964.3333333333335,6575.0,26512.0,161237.01666666666,10052.0,36.0,29610.266666666663,20048.0,111132.0,637005.2,38597.0,57.0,208115.80000000002,2.329005444168302,0.1836443471779278,0.3267097348655867,0.0,1.0,-0.5000000000000004,0.8660254037844384,0.0
2024-11-05,492.0,870.0,11708.166666666666,520.0,10.0,1512.0,6908.0,25695.0,165373.18333333332,10148.0,36.0,24468.266666666666,20540.0,112002.0,648713.3666666666,39117.0,57.0,209627.80000000002,2.3180089204471503,0.1479578863602533,0.32314395042782385,0.7818314824680298,0.6234898018587336,-0.5000000000000004,0.8660254037844384,1.0
2024-11-06,3686.0,5385.0,118054.66666666666,3993.0,19.0,4618.666666666666,9358.0,16425.0,269878.35,10364.0,37.0,24772.933333333334,24217.0,117373.0,766765.7,43096.0,57.0,214246.46666666667,2.1439124145159423,0.09179296276760747,0.27941581980866737,0.9749279121818236,-0.22252093395631434,-0.5000000000000004,0.8660254037844384,0.0
2024-11-07,399.0,864.0,10845.666666666666,448.0,20.0,2895.3333333333335,8481.0,15247.0,240943.3666666667,9468.0,35.0,23403.333333333336,23367.0,112680.0,751589.7000000001,41639.0,57.0,214655.46666666667,2.06557811597264,0.09713209231325591,0.28560192704432574,0.43388373911755823,-0.900968867902419,-0.5000000000000004,0.8660254037844384,0.0
2024-11-08,155.0,925.0,7538.333333333334,265.0,19.0,6145.333333333334,7661.0,14142.0,226230.08333333334,8620.0,34.0,25718.333333333332,22791.0,89267.0,744563.5333333333,35785.0,57.0,218012.80000000002,2.0764943229868154,0.11368219891180106,0.29280617467790754,-0.433883739117558,-0.9009688679024191,-0.5000000000000004,0.8660254037844384,0.0
2024-11-09,191.0,947.0,12266.5,285.0,23.0,8600.0,7214.0,13684.0,229011.75,8192.0,33.0,32030.000000000004,22311.0,69256.0,730084.0166666666,30543.0,57.0,221835.46666666667,2.0862829699129017,0.13986181931713113,0.30384923050294604,-0.9749279121818236,-0.2225209339563146,-0.5000000000000004,0.8660254037844384,0.0
2024-11-10,247.0,2690.0,29920.666666666668,754.0,21.0,9384.666666666666,5349.0,12816.0,194216.4166666667,6591.0,33.0,35120.333333333336,21772.0,70353.0,653767.4333333333,30500.0,56.0,148087.46666666667,2.116980841974633,0.18083092014621147,0.22651398512100862,-0.7818314824680299,0.6234898018587334,-0.5000000000000004,0.8660254037844384,0.0
2024-11-11,119.0,776.0,5470.300000000001,213.0,11.0,2436.6666666666665,5289.0,12457.0,195804.3,6478.0,33.0,35592.66666666667,19481.0,68501.0,629271.7333333334,28264.0,55.0,150278.13333333336,2.0288844385869753,0.1817767366021414,0.23881278209858678,0.0,1.0,-0.5000000000000004,0.8660254037844384,0.0
2024-11-12,137.0,1027.0,10133.333333333334,267.0,8.0,7731.333333333334,4934.0,12614.0,194229.46666666667,6225.0,33.0,41812.0,19544.0,68657.0,634596.4,28287.0,55.0,157553.46666666667,2.0382328921727066,0.21527114663686456,0.24827349582611352,0.7818314824680298,0.6234898018587336,-0.5000000000000004,0.8660254037844384,0.0
2024-11-13,1036.0,2193.0,32832.66666666667,1160.0,21.0,9038.666666666666,2284.0,9422.0,109007.46666666667,3392.0,36.0,46232.0,20511.0,70726.0,666538.7333333334,29374.0,57.0,165978.8,2.046662746633724,0.4241177362773926,0.24901598616774556,0.9749279121818236,-0.22252093395631434,-0.5000000000000004,0.8660254037844384,0.0
2024-11-14,353.0,1151.0,13166.416666666668,459.0,20.0,2742.6666666666665,2238.0,9709.0,111328.21666666665,3403.0,38.0,46079.33333333333,20087.0,68977.0,646800.9833333334,28571.0,57.0,165373.46666666667,2.070065515321241,0.4139052498370809,0.2556790588264154,0.43388373911755823,-0.900968867902419,-0.5000000000000004,0.8660254037844384,0.0
2024-11-15,483.0,2347.0,29509.833333333336,816.0,24.0,4233.333333333334,2566.0,11131.0,133299.71666666667,3954.0,39.0,44167.33333333333,19858.0,69298.0,641872.2333333333,28408.0,57.0,167793.46666666667,2.0108476275083587,0.33133853872907704,0.2614125646085226,-0.433883739117558,-0.9009688679024191,-0.5000000000000004,0.8660254037844384,0.0
2024-11-16,180.0,1068.0,7304.933333333333,305.0,14.0,3626.9333333333334,2555.0,11252.0,128338.15,3974.0,38.0,39194.26666666666,19500.0,69483.0,632919.9166666667,28134.0,57.0,165549.73333333334,2.025629942968618,0.30539840777404587,0.2615650558213065,-0.9749279121818236,-0.2225209339563146,-0.5000000000000004,0.8660254037844384,0.0
2024-11-17,1075.0,4363.0,13213.2,1171.0,23.0,5194.933333333333,3383.0,12925.0,111630.68333333335,4391.0,38.0,35004.53333333333,20399.0,73480.0,636849.1166666667,29105.0,56.0,165512.6666666667,2.027481623386569,0.3135744787014203,0.2598930615354809,-0.7818314824680299,0.6234898018587334,-0.5000000000000004,0.8660254037844384,0.0
2024-11-18,167.0,768.0,6939.333333333334,237.0,15.0,2701.3333333333335,3431.0,12917.0,113099.71666666667,4415.0,39.0,35269.2,20404.0,72500.0,634427.45,28890.0,57.0,161006.0,2.02563665903095,0.31184163001881965,0.25378157896541204,0.0,1.0,-0.5000000000000004,0.8660254037844384,0.0
2024-11-19,200.0,691.0,9722.8,275.0,18.0,3610.6666666666665,3494.0,12581.0,112689.18333333333,4423.0,40.0,31148.533333333333,19859.0,69798.0,628042.3333333333,27858.0,58.0,162086.0,2.0513588438035293,0.2764110308723804,0.2580813289125415,0.7818314824680298,0.6234898018587336,-0.5000000000000004,0.8660254037844384,0.0
2024-11-20,245.0,1389.0,10994.183333333332,411.0,24.0,6116.0,2703.0,11777.0,90850.69999999998,3674.0,42.0,28225.86666666667,19436.0,68613.0,611234.85,27272.0,59.0,155845.33333333334,2.0582985995842225,0.3106840857215924,0.254968009977398,0.9749279121818236,-0.22252093395631434,-0.5000000000000004,0.8660254037844384,0.0
2024-11-21,344.0,1288.0,13448.833333333334,459.0,27.0,4517.333333333334,2694.0,11914.0,91133.11666666667,3674.0,44.0,30000.533333333336,18818.0,64904.0,594254.0166666667,25948.0,57.0,154924.0,2.1132503104134464,0.32919463780729546,0.2607033282989168,0.43388373911755823,-0.900968867902419,-0.5000000000000004,0.8660254037844384,0.0
2024-11-22,908.0,1986.0,33875.5,1046.0,21.0,5804.0,3119.0,11553.0,95498.78333333333,3904.0,45.0,31571.2,19503.0,66053.0,622370.5166666667,26661.0,61.0,160073.0,2.1274689999300787,0.3305926934147678,0.25719888027043697,-0.433883739117558,-0.9009688679024191,-0.5000000000000004,0.8660254037844384,0.0
2024-11-23,341.0,3446.0,18356.566666666666,986.0,23.0,4090.0,3280.0,13931.0,106550.41666666666,4585.0,45.0,32034.266666666666,18706.0,64384.0,616429.5,25795.0,61.0,151072.80000000002,2.133400502262758,0.3006489103358739,0.2450771742754038,-0.9749279121818236,-0.2225209339563146,-0.5000000000000004,0.8660254037844384,0.0
2024-11-24,1803.0,4372.0,68297.66666666667,2292.0,20.0,4978.666666666667,4008.0,13940.0,161634.88333333336,5706.0,44.0,31818.000000000004,19332.0,66572.0,630601.1666666666,26831.0,58.0,133026.8,2.0625041002905773,0.19685107164882826,0.21095235313815625,-0.7818314824680299,0.6234898018587334,-0.5000000000000004,0.8660254037844384,0.0
2024-11-25,106.0,633.0,6920.0,185.0,13.0,2936.0,3947.0,13805.0,161615.55,5654.0,45.0,32052.666666666664,19242.0,65691.0,631756.5833333333,26599.0,59.0,132524.8,2.0729562215529596,0.19832662554232353,0.20977193352028123,0.0,1.0,-0.5000000000000004,0.8660254037844384,0.0
2024-11-26,328.0,2525.0,15346.0,785.0,13.0,5842.0,4075.0,15639.0,167238.75,6164.0,45.0,34284.0,19411.0,66529.0,639530.5833333334,26960.0,60.0,131712.8,2.0896819307525334,0.20500033634549408,0.20595230850961385,0.7818314824680298,0.6234898018587336,-0.5000000000000004,0.8660254037844384,0.0
2024-11-27,712.0,2211.0,29976.25,925.0,22.0,11897.333333333332,4542.0,16461.0,186220.81666666665,6678.0,42.0,40065.333333333336,18887.0,54085.0,655957.3333333334,24108.0,61.0,139296.13333333333,2.144555640868499,0.2151495952520167,0.2123554784050995,0.9749279121818236,-0.22252093395631434,-0.5000000000000004,0.8660254037844384,0.0
2024-11-28,2322.0,3592.0,46044.933333333334,2433.0,21.0,8092.0,6520.0,18765.0,218816.9166666667,8652.0,40.0,43640.0,19933.0,55635.0,662221.6166666667,25197.0,61.0,143123.2,2.1827240631148994,0.19943613439393584,0.21612583521573858,0.43388373911755823,-0.900968867902419,-0.5000000000000004,0.8660254037844384,0.0
2024-11-29,1724.0,3264.0,30501.800000000003,1996.0,19.0,16764.0,7336.0,20043.0,215443.21666666667,9602.0,39.0,54600.0,20682.0,56869.0,670471.8,26080.0,60.0,156056.86666666667,2.2798152793232864,0.2534310471444409,0.23275679404662009,-0.433883739117558,-0.9009688679024191,-0.5000000000000004,0.8660254037844384,0.0
2024-11-30,411.0,1334.0,26425.0,550.0,13.0,18668.0,7406.0,17931.0,223511.65000000002,9166.0,36.0,69178.0,20455.0,56798.0,687411.9666666668,25917.0,58.0,172436.53333333333,2.3076777464086473,0.30950511975550266,0.2508488965787085,-0.9749279121818236,-0.2225209339563146,-0.5000000000000004,0.8660254037844384,0.0
2024-12-01,814.0,1569.0,26224.0,889.0,11.0,13504.0,6417.0,15128.0,181437.98333333334,7763.0,33.0,77703.33333333333,19157.0,54809.0,648919.9666666667,24451.0,57.0,179646.19999999998,2.431100210027564,0.42826387234793445,0.27683876167780114,-0.7818314824680299,0.6234898018587334,-2.4492935982947064e-16,1.0,0.0
2024-12-02,1360.0,2158.0,55402.0,1423.0,10.0,13136.0,7671.0,16653.0,229919.98333333334,9001.0,32.0,87903.33333333334,20338.0,55832.0,700439.5499999999,25548.0,57.0,190817.86666666667,2.3534255002050313,0.3823214148632434,0.2724258883820405,0.0,1.0,-2.4492935982947064e-16,1.0,0.0
2024-12-03,631.0,1212.0,12268.0,692.0,11.0,3144.0,7974.0,15340.0,226841.98333333334,8908.0,30.0,85205.33333333333,20477.0,56174.0,700999.3833333334,25720.0,57.0,192449.86666666667,2.3805030496819,0.37561536044290444,0.27453642790888805,0.7818314824680298,0.6234898018587336,-2.4492935982947064e-16,1.0,0.0
2024-12-04,2357.0,4114.0,105129.0,2608.0,20.0,29610.0,9619.0,17243.0,301994.73333333334,10591.0,31.0,102918.0,19148.0,54903.0,688073.7166666668,24335.0,57.0,217441.2,2.487430729481949,0.34079402267721665,0.31601439603503717,0.9749279121818236,-0.22252093395631434,-2.4492935982947064e-16,1.0,0.0
2024-12-05,439.0,1023.0,15831.0,503.0,19.0,2674.0,7736.0,14674.0,271780.8,8661.0,31.0,97500.0,19188.0,55062.0,693059.05,24390.0,57.0,217219.8666666667,2.493955851901855,0.3587449886084668,0.3134218746103477,0.43388373911755823,-0.900968867902419,-2.4492935982947064e-16,1.0,0.0
2024-12-06,1416.0,1806.0,15401.25,1463.0,20.0,4892.0,7428.0,13216.0,256680.25,8128.0,32.0,85628.0,20449.0,55943.0,700921.9666666667,25588.0,57.0,215966.53333333333,2.503748573001512,0.3335979297199531,0.30811779856236016,-0.433883739117558,-0.9009688679024191,-2.4492935982947064e-16,1.0,0.0
2024-12-07,344.0,1000.0,12641.916666666666,420.0,23.0,7663.866666666667,7361.0,12882.0,242897.16666666666,7998.0,35.0,74623.86666666667,20602.0,55996.0,701297.3833333333,25723.0,57.0,215030.40000000002,2.5006412104515943,0.3072241133593572,0.30661799845586196,-0.9749279121818236,-0.2225209339563146,-2.4492935982947064e-16,1.0,0.0
2024-12-08,578.0,1668.0,21265.5,654.0,23.0,12881.333333333332,7125.0,12981.0,237938.66666666666,7763.0,36.0,74001.2,20933.0,54974.0,692642.2166666668,25623.0,56.0,218527.06666666668,2.441014323647091,0.3110095598865814,0.31549775830633864,-0.7818314824680299,0.6234898018587334,-2.4492935982947064e-16,1.0,0.0
2024-12-09,266.0,1680.0,42998.666666666664,482.0,15.0,27228.666666666664,6031.0,12503.0,225535.3333333333,6822.0,36.0,88093.86666666667,21080.0,55878.0,730170.5833333333,25892.0,56.0,243319.06666666665,2.4647508471234794,0.3905989601038123,0.33323592078426423,0.0,1.0,-2.4492935982947064e-16,1.0,0.0
2024-12-10,189.0,1290.0,7101.0,344.0,9.0,3420.0,5589.0,12581.0,220368.3333333333,6474.0,35.0,88369.86666666667,21132.0,56141.0,727138.2500000001,25969.0,56.0,239007.73333333334,2.464347491045672,0.40100982446056227,0.32869641135414523,0.7818314824680298,0.6234898018587336,-2.4492935982947064e-16,1.0,0.0
2024-12-11,128.0,624.0,1952.0,156.0,2.0,1088.0,3360.0,9091.0,117191.33333333334,4022.0,34.0,59847.86666666667,20224.0,54572.0,696257.5833333334,24965.0,56.0,231057.06666666668,2.4556794444860053,0.510685090478818,0.3318557272446225,0.9749279121818236,-0.22252093395631434,-2.4492935982947064e-16,1.0,0.0
2024-12-12,0.0,0.0,0.0,0.0,0.0,0.0,2921.0,8068.0,101360.33333333334,3519.0,31.0,57173.86666666667,19871.0,53421.0,683091.1666666666,24506.0,55.0,228314.40000000002,2.4397086117759645,0.564065495706736,0.33423708450824163,0.43388373911755823,-0.900968867902419,-2.4492935982947064e-16,1.0,0.0
2024-12-13,0.0,0.0,0.0,0.0,0.0,0.0,1505.0,6262.0,85959.08333333334,2056.0,29.0,52281.86666666667,19388.0,51074.0,653581.3333333334,23690.0,54.0,224081.06666666665,2.375177259757059,0.6082180572345951,0.3428510810182257,-0.433883739117558,-0.9009688679024191,-2.4492935982947064e-16,1.0,0.0
2024-12-14,509.0,2456.0,1842.0,614.0,1.0,1842.0,1670.0,7718.0,75159.16666666667,2250.0,26.0,46460.0,19717.0,52462.0,648118.4,23999.0,55.0,222296.13333333333,2.375313230430168,0.61815480480314,0.34298691926248864,-0.9749279121818236,-0.2225209339563146,-2.4492935982947064e-16,1.0,0.0
2024-12-15,1411.0,7408.0,35564.23333333334,2042.0,19.0,27896.666666666668,2503.0,13458.0,89457.9,3638.0,25.0,61475.33333333334,20053.0,55507.0,670469.4333333333,24870.0,55.0,244997.8666666667,2.367805231513884,0.6871984847993676,0.36541243267217305,-0.7818314824680299,0.6234898018587334,-2.4492935982947064e-16,1.0,0.0
2024-12-16,229.0,1158.0,10363.333333333332,300.0,15.0,7447.333333333333,2466.0,12936.0,56822.566666666666,3456.0,27.0,41694.0,20115.0,55897.0,673893.4333333333,24933.0,55.0,249743.86666666667,2.387999354465525,0.7337577734667623,0.3705984571348892,0.0,1.0,-2.4492935982947064e-16,1.0,0.0
2024-12-17,343.0,1046.0,15390.083333333332,361.0,13.0,12930.0,2620.0,12692.0,65111.649999999994,3473.0,27.0,51204.0,20258.0,56252.0,679560.7166666667,25019.0,55.0,259063.2,2.4064390240806004,0.7864030476880867,0.3812215651174461,0.7818314824680298,0.6234898018587336,-2.4492935982947064e-16,1.0,0.0
2024-12-18,1957.0,3247.0,33655.33333333333,2182.0,22.0,25028.333333333336,4449.0,15315.0,96814.98333333332,5499.0,33.0,75144.33333333333,21970.0,58110.0,702221.8666666667,26790.0,52.0,277975.5333333333,2.4376529938513847,0.7761642955059126,0.3958514346083213,0.9749279121818236,-0.22252093395631434,-2.4492935982947064e-16,1.0,0.0
2024-12-19,3152.0,4707.0,48955.46666666667,3317.0,25.0,13284.0,7601.0,20022.0,145770.44999999998,8816.0,39.0,88428.33333333333,24778.0,61529.0,737728.5,29648.0,53.0,286742.2,2.3912567555183215,0.6066272919740135,0.3886825573364727,0.43388373911755823,-0.900968867902419,-2.4492935982947064e-16,1.0,0.0
2024-12-20,258.0,1160.0,18337.25,421.0,19.0,9526.0,7859.0,21182.0,164107.7,9237.0,41.0,97954.33333333334,24128.0,60703.0,722190.25,29023.0,52.0,290464.2,2.4142268452505875,0.5968905379414454,0.4021990050405693,-0.433883739117558,-0.9009688679024191,-2.4492935982947064e-16,1.0,0.0
2024-12-21,757.0,1307.0,25536.25,855.0,22.0,2846.0,8107.0,20033.0,187801.95,9478.0,45.0,98958.33333333334,24544.0,58564.0,729369.9333333333,28892.0,52.0,289220.2,2.3697562822771503,0.5269292109764213,0.39653430554536157,-0.9749279121818236,-0.2225209339563146,-2.4492935982947064e-16,1.0,0.0
2024-12-22,0.0,0.0,0.0,0.0,0.0,0.0,6696.0,12625.0,152237.71666666665,7436.0,38.0,71061.66666666666,22741.0,54192.0,661072.2666666666,26600.0,52.0,284241.5333333333,2.456765074656284,0.46678095430359295,0.4299704399438327,-0.7818314824680299,0.6234898018587334,-2.4492935982947064e-16,1.0,0.0
2024-12-23,0.0,0.0,0.0,0.0,0.0,0.0,6467.0,11467.0,141874.38333333333,7136.0,37.0,63614.333333333336,22635.0,53559.0,654152.2666666667,26415.0,52.0,281305.5333333333,2.4437514544343717,0.44838491515322887,0.4300306636049262,0.0,1.0,-2.4492935982947064e-16,1.0,0.0
2024-12-24,0.0,0.0,0.0,0.0,0.0,0.0,6124.0,10421.0,126484.29999999999,6775.0,37.0,50684.33333333333,22307.0,51034.0,638806.2666666667,25630.0,51.0,275463.5333333333,2.438568041302826,0.4007163998483079,0.4312160786567111,0.7818314824680298,0.6234898018587336,-2.4492935982947064e-16,1.0,0.0
2024-12-25,2.0,8.0,192.0,2.0,1.0,192.0,4169.0,7182.0,93020.96666666666,4595.0,34.0,25848.0,21597.0,48831.0,609022.0166666667,24707.0,51.0,263758.2,2.414480904671251,0.2778728379874215,0.4330848356576928,0.9749279121818236,-0.22252093395631434,-2.4492935982947064e-16,1.0,1.0
2024-12-26,248.0,1379.0,11423.0,399.0,8.0,6286.0,1265.0,3854.0,55488.5,1677.0,29.0,18850.0,19523.0,46618.0,574400.0833333334,22673.0,50.0,261952.2,2.455057873822921,0.3397100300062175,0.45604485027204467,0.43388373911755823,-0.900968867902419,-2.4492935982947064e-16,1.0,1.0
2024-12-27,15614.0,16315.0,85252.33333333334,15700.0,8.0,1657.3333333333333,16621.0,19009.0,122403.58333333334,16956.0,25.0,10981.333333333332,33413.0,59669.0,629150.6166666667,36377.0,50.0,246845.53333333333,2.430582843377447,0.08971414916366145,0.3923472802763154,-0.433883739117558,-0.9009688679024191,-2.4492935982947064e-16,1.0,0.0
2024-12-28,473.0,1214.0,19266.0,626.0,16.0,1184.0,16337.0,18916.0,116133.33333333334,16727.0,20.0,9319.333333333334,33475.0,59549.0,621991.6166666667,36453.0,51.0,229361.53333333333,2.462800835114365,0.08024684270952928,0.3687534159423424,-0.9749279121818236,-0.2225209339563146,-2.4492935982947064e-16,1.0,0.0
2024-12-29,717.0,3069.0,33974.933333333334,1157.0,17.0,7744.666666666666,17054.0,21985.0,150108.26666666666,17884.0,24.0,17064.0,33378.0,61049.0,629742.55,36721.0,52.0,223602.2,2.494248805484612,0.113677949782024,0.3550692263052576,-0.7818314824680299,0.6234898018587334,-2.4492935982947064e-16,1.0,0.0
2024-12-30,272.0,2284.0,15745.666666666666,691.0,16.0,4992.666666666666,17326.0,24269.0,165853.93333333335,18575.0,26.0,22056.666666666668,32290.0,61175.0,590086.2166666667,35989.0,53.0,215458.86666666667,2.577090931080871,0.13298850514649638,0.365131163177765,0.0,1.0,-2.4492935982947064e-16,1.0,0.0
2024-12-31,1799.0,3292.0,68847.33333333334,2032.0,12.0,7381.333333333333,19125.0,27561.0,234701.26666666666,20607.0,28.0,29437.999999999996,33458.0,63255.0,646665.5499999999,37329.0,54.0,219696.2,2.4560670204598205,0.12542752929326612,0.3397369784117927,0.7818314824680298,0.6234898018587336,-2.4492935982947064e-16,1.0,0.0
2025-01-01,1555.0,2157.0,28126.016666666666,1640.0,22.0,2180.0,20678.0,29710.0,262635.2833333333,22245.0,34.0,31426.0,32656.0,61298.0,569662.5666666667,36361.0,56.0,192266.2,2.6295922813255865,0.11965642849332823,0.3375089241426372,0.9749279121818236,-0.22252093395631434,0.49999999999999994,0.8660254037844387,1.0
2025-01-02,1460.0,2875.0,16501.333333333336,1677.0,20.0,3899.3333333333335,21890.0,31206.0,267713.6166666667,23523.0,34.0,29039.333333333336,33677.0,63150.0,570332.9,37535.0,56.0,193491.53333333333,2.636651941650041,0.10847163358706009,0.3392606902623596,0.43388373911755823,-0.900968867902419,0.49999999999999994,0.8660254037844387,0.0
2025-01-03,402.0,1631.0,21719.0,605.0,13.0,3812.0,6678.0,16522.0,204180.28333333333,8428.0,35.0,31194.0,32663.0,62975.0,576650.6499999999,36677.0,56.0,192411.53333333333,2.617085271266639,0.1527767495016863,0.33367088606131523,-0.433883739117558,-0.9009688679024191,0.49999999999999994,0.8660254037844387,0.0
2025-01-04,438.0,2261.0,13577.5,753.0,20.0,4669.333333333334,6643.0,17569.0,198491.78333333335,8555.0,36.0,34679.33333333333,32757.0,64236.0,577586.2333333334,37010.0,55.0,189417.0,2.599952165255348,0.17471420101604537,0.3279458357358125,-0.9749279121818236,-0.2225209339563146,0.49999999999999994,0.8660254037844387,0.0
2025-01-05,871.0,2052.0,15628.666666666666,1036.0,22.0,5200.666666666666,6797.0,16552.0,180145.51666666666,8434.0,36.0,32135.333333333336,33050.0,64620.0,571949.4,37392.0,55.0,181736.33333333334,2.5974742226399345,0.17838541823272316,0.3177489710336847,-0.7818314824680299,0.6234898018587334,0.49999999999999994,0.8660254037844387,0.0
2025-01-06,403.0,2413.0,15281.683333333334,794.0,16.0,5601.333333333334,6928.0,16681.0,179681.53333333333,8537.0,35.0,32744.000000000004,33187.0,65353.0,544232.4166666667,37704.0,55.0,160109.0,2.6245760090986394,0.18223352947047428,0.2941923250008536,0.0,1.0,0.49999999999999994,0.8660254037844387,0.0
2025-01-07,186.0,1222.0,5619.8,344.0,9.0,1448.0,5315.0,14611.0,116454.0,6849.0,33.0,26810.666666666668,33184.0,65285.0,542751.2166666667,37704.0,55.0,158137.0,2.6183956255097964,0.23022538226824898,0.291361852620444,0.7818314824680298,0.6234898018587336,0.49999999999999994,0.8660254037844387,0.0
2025-01-08,1418.0,2308.0,81825.28333333333,1519.0,17.0,33799.333333333336,5178.0,14762.0,170153.2666666667,6728.0,34.0,58430.0,34474.0,66969.0,622624.5,39067.0,57.0,190848.3333333333,2.6053842635906186,0.34339628703376834,0.30652236353264817,0.9749279121818236,-0.22252093395631434,0.49999999999999994,0.8660254037844387,0.0
2025-01-09,2307.0,2928.0,69699.21666666667,2419.0,22.0,11525.333333333334,6025.0,14815.0,223351.15000000002,7470.0,38.0,66056.0,36781.0,69897.0,692323.7166666667,41486.0,58.0,202373.6666666667,2.5449704306394287,0.29574954057769565,0.2923107526072281,0.43388373911755823,-0.900968867902419,0.49999999999999994,0.8660254037844387,0.0
2025-01-10,1856.0,2468.0,40336.166666666664,1939.0,26.0,5611.666666666667,7479.0,15652.0,241968.31666666668,8804.0,39.0,67855.66666666667,38637.0,72365.0,732659.8833333333,43425.0,62.0,207985.33333333334,2.585826443586945,0.2804320317694486,0.2838770595533039,-0.433883739117558,-0.9009688679024191,0.49999999999999994,0.8660254037844387,0.0
2025-01-11,1043.0,1677.0,26776.366666666665,1168.0,27.0,3969.0,8084.0,15068.0,255167.18333333335,9219.0,43.0,67155.33333333334,39171.0,71586.0,757594.25,43979.0,64.0,210112.3333333333,2.6089989539864424,0.26318170093842397,0.2773415100937386,-0.9749279121818236,-0.2225209339563146,0.49999999999999994,0.8660254037844387,0.0
2025-01-12,1925.0,2486.0,21859.833333333336,2018.0,25.0,8197.333333333332,9138.0,15502.0,261398.35,10201.0,43.0,70152.0,39685.0,66664.0,743889.85,43955.0,61.0,190413.0,2.5669998948437156,0.2683720077039507,0.2559693481501327,-0.7818314824680299,0.6234898018587334,0.49999999999999994,0.8660254037844387,0.0
2025-01-13,1080.0,1548.0,28748.333333333332,1148.0,8.0,2792.0,9815.0,14637.0,274865.0,10555.0,43.0,67342.66666666667,40536.0,67054.0,762274.8500000001,44803.0,60.0,185757.6666666667,2.5078671441838676,0.2450026982943142,0.24368856806264388,0.0,1.0,0.49999999999999994,0.8660254037844387,0.0
2025-01-14,1323.0,1832.0,23394.0,1391.0,14.0,3008.0,10952.0,15247.0,292639.2,11602.0,44.0,68902.66666666666,41516.0,67840.0,770278.7666666667,45833.0,61.0,175835.6666666667,2.469936343258773,0.23545262106603165,0.2282753650702129,0.7818314824680298,0.6234898018587336,0.49999999999999994,0.8660254037844387,0.0
2025-01-15,4442.0,8110.0,79709.4,4617.0,23.0,27986.0,13976.0,21049.0,290523.31666666665,14700.0,45.0,63089.333333333336,44001.0,72703.0,816332.8333333333,48268.0,62.0,178793.33333333334,2.423104501699547,0.21715755574179677,0.2190201423153179,0.9749279121818236,-0.22252093395631434,0.49999999999999994,0.8660254037844387,0.0
2025-01-16,2088.0,5102.0,49692.28333333333,2257.0,27.0,16766.666666666668,13757.0,23223.0,270516.3833333333,14538.0,48.0,68330.66666666666,42937.0,73098.0,817069.65,47208.0,63.0,182276.0,2.447347516277123,0.25259345043981624,0.223085020964859,0.43388373911755823,-0.900968867902419,0.49999999999999994,0.8660254037844387,0.0
2025-01-17,631.0,3180.0,42205.25,1013.0,29.0,33286.666666666664,12532.0,23935.0,272385.4666666667,13612.0,46.0,96005.66666666666,43310.0,75118.0,840937.65,47800.0,61.0,206036.66666666666,2.4740354386607786,0.35246251513174215,0.24500825556646993,-0.433883739117558,-0.9009688679024191,0.49999999999999994,0.8660254037844387,0.0
2025-01-18,1028.0,2670.0,29005.166666666668,1193.0,24.0,10552.0,12517.0,24928.0,274614.26666666666,13637.0,46.0,102588.66666666666,43581.0,76481.0,844406.5666666667,48138.0,61.0,213742.6666666667,2.5253385007102693,0.37357369634109805,0.2531276698977195,-0.9749279121818236,-0.2225209339563146,0.49999999999999994,0.8660254037844387,0.0
2025-01-19,2479.0,3456.0,78627.5,2643.0,23.0,12720.0,13071.0,25898.0,331381.93333333335,14262.0,45.0,107111.33333333334,46060.0,79937.0,923034.0666666667,50781.0,62.0,226462.66666666666,2.4731375045621564,0.32322623100152914,0.24534594642263474,-0.7818314824680299,0.6234898018587334,0.49999999999999994,0.8660254037844387,0.0
2025-01-20,1194.0,2487.0,64223.333333333336,1411.0,14.0,13437.333333333334,13185.0,26837.0,366856.93333333335,14525.0,45.0,117756.66666666667,47254.0,82424.0,987257.3999999999,52192.0,62.0,239900.0,2.4540206769260466,0.3209879818726792,0.24299640600313557,0.0,1.0,0.49999999999999994,0.8660254037844387,0.0
2025-01-21,540.0,1069.0,27675.333333333336,602.0,18.0,14417.333333333334,12402.0,26074.0,371138.26666666666,13736.0,45.0,129166.0,47794.0,83493.0,1014932.7333333333,52794.0,63.0,254317.33333333337,2.463475596924767,0.34802662942867296,0.2505755553849185,0.7818314824680298,0.6234898018587336,0.49999999999999994,0.8660254037844387,0.0
2025-01-22,3022.0,3656.0,24252.41666666667,3139.0,15.0,9494.666666666668,10982.0,21620.0,315681.2833333333,12258.0,44.0,110674.66666666669,50814.0,87141.0,1038993.1499999999,55931.0,63.0,263620.0,2.4640580782444945,0.35058989084824327,0.2537264081096204,0.9749279121818236,-0.22252093395631434,0.49999999999999994,0.8660254037844387,0.0
2025-01-23,2033.0,2651.0,72249.16666666666,2118.0,25.0,8305.333333333332,10927.0,19169.0,338238.1666666666,12119.0,45.0,102213.33333333333,52599.0,88413.0,1099819.3166666667,57650.0,64.0,265639.3333333334,2.389575586011776,0.30219337557510023,0.24152997615865968,0.43388373911755823,-0.900968867902419,0.49999999999999994,0.8660254037844387,0.0
2025-01-24,884.0,1668.0,25282.483333333334,975.0,23.0,6561.333333333334,11180.0,17657.0,321315.4,12081.0,44.0,75488.0,37869.0,73766.0,1039849.4666666668,42925.0,65.0,270543.3333333334,2.4354810761127594,0.23493427330280464,0.26017547924564977,-0.433883739117558,-0.9009688679024191,0.49999999999999994,0.8660254037844387,0.0
2025-01-25,1878.0,2438.0,66234.31666666667,1944.0,24.0,7468.666666666666,12030.0,17425.0,358544.55,12832.0,42.0,72404.66666666667,39274.0,74990.0,1086817.7833333334,44243.0,66.0,276828.0,2.346512703513388,0.20194050269810732,0.25471427155981236,-0.9749279121818236,-0.2225209339563146,0.49999999999999994,0.8660254037844387,0.0
2025-01-26,2214.0,2685.0,55732.41666666667,2299.0,22.0,4294.666666666667,11765.0,16654.0,335649.4666666667,12488.0,43.0,63979.333333333336,40771.0,74606.0,1108575.2666666666,45385.0,65.0,273378.0,2.2678730952778645,0.19061354087260082,0.24660301219060213,-0.7818314824680299,0.6234898018587334,0.49999999999999994,0.8660254037844387,0.0
2025-01-27,21157.0,22209.0,495459.98333333334,21365.0,14.0,19760.0,31728.0,36376.0,766886.1166666667,32442.0,44.0,70302.0,61656.0,94531.0,1588289.5833333333,66059.0,65.0,288145.3333333334,1.8313264701271084,0.09167202075006052,0.18141863823636278,0.0,1.0,0.49999999999999994,0.8660254037844387,1.0
2025-01-28,16030.0,17078.0,398553.0,16190.0,17.0,17984.0,47218.0,52385.0,1137763.7833333334,48030.0,44.0,73868.66666666666,75887.0,108317.0,1917995.25,80217.0,66.0,298748.0,1.608753386070508,0.06492443137032529,0.15576055258739563,0.7818314824680298,0.6234898018587336,0.49999999999999994,0.8660254037844387,0.0
2025-01-29,7457.0,8127.0,182936.6,7524.0,20.0,4857.599999999999,51653.0,56856.0,1296447.9666666668,52415.0,46.0,69231.6,81789.0,114287.0,2072805.8333333335,86101.0,66.0,301425.60000000003,1.4728524843423516,0.053400986217752563,0.1454191198966618,0.9749279121818236,-0.22252093395631434,0.49999999999999994,0.8660254037844387,0.0
2025-01-30,1295.0,4415.0,37445.86666666667,1627.0,26.0,17328.533333333333,50915.0,58620.0,1261644.6666666665,51924.0,48.0,78254.79999999999,81624.0,115827.0,2093750.3666666667,86051.0,68.0,314854.80000000005,1.498601820203553,0.06202602211821923,0.15037838560537728,0.43388373911755823,-0.900968867902419,0.49999999999999994,0.8660254037844387,0.0
2025-01-31,2646.0,7569.0,75658.63333333333,2799.0,26.0,25511.266666666666,52677.0,64521.0,1312020.816666667,53748.0,47.0,97204.73333333334,83868.0,121765.0,2147690.0,88245.0,67.0,336554.06666666665,1.528068712232237,0.07408779807342741,0.15670514211393016,-0.433883739117558,-0.9009688679024191,0.49999999999999994,0.8660254037844387,0.0
2025-02-01,1002.0,2768.0,34406.73333333334,1245.0,28.0,12494.400000000001,51801.0,64851.0,1280193.2333333334,53049.0,44.0,102230.46666666667,84432.0,122272.0,2168519.2333333334,88737.0,67.0,344379.13333333336,1.5403149786101231,0.07985549681471263,0.15880842929115824,-0.9749279121818236,-0.2225209339563146,0.8660254037844386,0.5000000000000001,0.0
2025-02-02,270.0,1540.0,15645.2,507.0,24.0,6858.533333333335,49857.0,63706.0,1240106.0166666666,51257.0,43.0,104794.33333333333,83831.0,121760.0,2168535.7666666666,88208.0,66.0,346037.0,1.538950822566628,0.08450433424636906,0.15957172822282095,-0.7818314824680299,0.6234898018587334,0.8660254037844386,0.5000000000000001,0.0
2025-02-03,219.0,321.0,11720.0,225.0,12.0,2828.0,28919.0,41818.0,756366.0333333332,30117.0,43.0,87862.33333333333,83647.0,119668.0,2164974.0833333335,87639.0,66.0,343263.6666666667,1.520399186084693,0.11616377449701272,0.1585532451908874,0.0,1.0,0.8660254037844386,0.5000000000000001,0.0
2025-02-04,2204.0,2811.0,59052.0,2262.0,14.0,5928.0,15093.0,27551.0,416865.0333333333,16189.0,43.0,75806.33333333334,85665.0,121257.0,2218406.283333333,89557.0,66.0,347743.6666666666,1.5003617396270308,0.18184862550636896,0.1567538233547346,0.7818314824680298,0.6234898018587336,0.8660254037844386,0.5000000000000001,0.0
2025-02-05,1290.0,2671.0,46496.333333333336,1338.0,23.0,10928.0,8926.0,22095.0,280424.7666666667,10003.0,46.0,81876.73333333334,85537.0,121620.0,2183077.3333333335,89376.0,67.0,324872.3333333334,1.4905484403973255,0.2919739732926585,0.14881393726775904,0.9749279121818236,-0.22252093395631434,0.8660254037844386,0.5000000000000001,0.0
2025-02-06,1127.0,3475.0,25287.166666666668,1500.0,27.0,8626.0,8758.0,21155.0,268266.06666666665,9876.0,46.0,73174.2,84357.0,122167.0,2138665.2833333337,88457.0,66.0,321973.0,1.5112726769207832,0.2727672601653433,0.15054856994647212,0.43388373911755823,-0.900968867902419,0.8660254037844386,0.5000000000000001,0.0
2025-02-07,860.0,2549.0,22548.333333333336,913.0,22.0,7641.333333333334,6972.0,16135.0,215155.76666666666,7990.0,43.0,55304.26666666667,83361.0,122248.0,2120877.45,87431.0,66.0,324002.6666666667,1.4820583586973155,0.25704292068707435,0.15276821707292265,-0.433883739117558,-0.9009688679024191,0.8660254037844386,0.5000000000000001,0.0
2025-02-08,484.0,1060.0,20484.666666666668,543.0,21.0,5622.0,6454.0,14427.0,201233.7,7288.0,40.0,48431.86666666667,82802.0,121631.0,2114585.75,86806.0,64.0,325655.6666666667,1.4626812604375479,0.24067473125359554,0.154004474241192,-0.9749279121818236,-0.2225209339563146,0.8660254037844386,0.5000000000000001,0.0
2025-02-09,360.0,1062.0,16475.466666666667,432.0,23.0,6585.666666666667,6544.0,13949.0,202063.96666666667,7213.0,40.0,48159.0,81237.0,120207.0,2109201.3833333333,85220.0,64.0,324044.0,1.472774524501609,0.23833541820667678,0.15363350439676288,-0.7818314824680299,0.6234898018587334,0.8660254037844386,0.5000000000000001,0.0
2025-02-10,351.0,582.0,15082.966666666667,352.0,12.0,1514.0,6676.0,14210.0,205426.93333333335,7340.0,40.0,46845.0,80508.0,119241.0,2095536.0166666668,84424.0,64.0,322766.0,1.500605929948499,0.2280372843028697,0.15402550823889838,0.0,1.0,0.8660254037844386,0.5000000000000001,0.0
2025-02-11,332.0,670.0,14102.0,332.0,11.0,1948.0,4804.0,12069.0,160476.93333333335,5410.0,41.0,42865.0,79517.0,118079.0,2086244.0166666668,83365.0,65.0,321706.0,1.5072917589619803,0.26711003949061835,0.1542034380589915,0.7818314824680298,0.6234898018587336,0.8660254037844386,0.5000000000000001,0.0
2025-02-12,419.0,1461.0,23080.983333333334,536.0,23.0,12784.0,3933.0,10859.0,137061.5833333333,4608.0,42.0,44721.0,75494.0,111430.0,2029615.5999999999,79284.0,66.0,306504.0,1.4983131501483038,0.3262839879154079,0.15101578840840602,0.9749279121818236,-0.22252093395631434,0.8660254037844386,0.5000000000000001,0.0
2025-02-13,892.0,1739.0,23994.9,992.0,31.0,3667.866666666667,3698.0,9123.0,135769.31666666668,4100.0,44.0,39762.86666666667,74298.0,108067.0,2003918.2166666666,78019.0,68.0,293405.2,1.519532691807989,0.29287078732443106,0.1464157556729299,0.43388373911755823,-0.900968867902419,0.8660254037844386,0.5000000000000001,0.0
2025-02-14,1306.0,2378.0,35281.399999999994,1423.0,35.0,4984.0,4144.0,8952.0,148502.38333333333,4610.0,51.0,37105.53333333334,74973.0,107265.0,1996994.3666666665,78429.0,72.0,265102.5333333333,1.5029351211768218,0.24986490115815205,0.13275076673142344,-0.433883739117558,-0.9009688679024191,0.8660254037844386,0.5000000000000001,0.0
2025-02-15,917.0,2671.0,23846.25,1170.0,38.0,11321.333333333332,4577.0,10563.0,151863.96666666667,5237.0,53.0,42804.86666666667,74862.0,107266.0,1991835.4500000002,78406.0,72.0,265871.8666666667,1.511662256280784,0.2818632201318768,0.13348083882464623,-0.9749279121818236,-0.2225209339563146,0.8660254037844386,0.5000000000000001,0.0
2025-02-16,603.0,1956.0,12761.683333333334,776.0,28.0,5071.666666666666,4820.0,11457.0,148150.18333333335,5581.0,51.0,41290.86666666667,72986.0,105766.0,1925969.6333333333,76539.0,72.0,258223.53333333335,1.5172855437691442,0.2787095212279521,0.13407456112712335,-0.7818314824680299,0.6234898018587334,0.8660254037844386,0.5000000000000001,0.0
2025-02-17,320.0,1452.0,8187.0,399.0,11.0,5944.0,4789.0,12327.0,141254.21666666667,5628.0,51.0,45720.86666666667,72112.0,104731.0,1869933.3,75527.0,72.0,250730.2,1.463103582814237,0.3236778890258497,0.13408510346331604,0.0,1.0,0.8660254037844386,0.5000000000000001,0.0
2025-02-18,223.0,2319.0,5286.25,635.0,12.0,1820.6666666666665,4680.0,13976.0,132438.46666666667,5931.0,52.0,45593.53333333333,71795.0,105981.0,1847544.2166666668,75560.0,72.0,238133.53333333333,1.4459671558006373,0.34426201451038646,0.12889192647468706,0.7818314824680298,0.6234898018587336,0.8660254037844386,0.5000000000000001,0.0
2025-02-19,1125.0,2673.0,28971.0,1331.0,30.0,8005.333333333332,5386.0,15188.0,138328.48333333334,6726.0,55.0,40814.86666666667,69898.0,104998.0,1852262.7999999998,73752.0,73.0,236644.19999999998,1.453598605830697,0.29505757370529495,0.12775951663014556,0.9749279121818236,-0.22252093395631434,0.8660254037844386,0.5000000000000001,0.0
2025-02-20,630.0,4156.0,24193.5,1263.0,33.0,14724.333333333332,5124.0,17605.0,138527.0833333333,6997.0,55.0,51871.33333333333,68495.0,106503.0,1804207.1333333335,72897.0,74.0,243063.2,1.4971265904784519,0.374449039748545,0.13472023001645744,0.43388373911755823,-0.900968867902419,0.8660254037844386,0.5000000000000001,0.0
2025-02-21,464.0,2007.0,20564.266666666666,671.0,32.0,14309.466666666669,4282.0,17234.0,123809.95,6245.0,54.0,61196.8,68075.0,106842.0,1799488.9166666667,72593.0,75.0,250811.33333333337,1.5245503428649474,0.494280144689502,0.13937920428981063,-0.433883739117558,-0.9009688679024191,0.8660254037844386,0.5000000000000001,0.0
2025-02-22,524.0,1796.0,20869.433333333334,686.0,38.0,13720.6,3889.0,16359.0,120833.13333333333,5761.0,55.0,63596.066666666666,66721.0,106200.0,1754124.0333333334,71335.0,74.0,257063.26666666666,1.5832219656261195,0.5263131470010709,0.14654794175425184,-0.9749279121818236,-0.2225209339563146,0.8660254037844386,0.5000000000000001,0.0
2025-02-23,699.0,1568.0,30683.000000000004,752.0,28.0,20300.000000000004,3985.0,15971.0,138754.44999999998,5737.0,56.0,78824.40000000001,65206.0,105083.0,1729074.6166666667,69788.0,75.0,273068.6,1.6527282394703966,0.5680855641026289,0.15792759743730742,-0.7818314824680299,0.6234898018587334,0.8660254037844386,0.5000000000000001,0.0
2025-02-24,304.0,969.0,19689.0,336.0,16.0,14909.0,3969.0,15488.0,150256.45,5674.0,57.0,87789.4,44353.0,83843.0,1253303.6333333333,48759.0,76.0,268217.6,2.0517976947251366,0.5842637703739173,0.21400847557318445,0.0,1.0,0.8660254037844386,0.5000000000000001,0.0
2025-02-25,381.0,796.0,8722.0,391.0,15.0,3404.0,4127.0,13965.0,153692.2,5430.0,57.0,89372.73333333334,28704.0,67561.0,863472.6333333333,32960.0,76.0,253637.6,2.6069453094417065,0.5815046783983399,0.29374133030813293,0.7818314824680298,0.6234898018587336,0.8660254037844386,0.5000000000000001,0.0
2025-02-26,445.0,3103.0,15069.666666666666,878.0,31.0,10606.666666666666,3447.0,14395.0,139790.86666666667,4977.0,56.0,91974.06666666665,21692.0,62537.0,695605.7000000001,26314.0,76.0,259386.6666666667,2.981220676144811,0.6579404567680386,0.3728932449326776,0.9749279121818236,-0.22252093395631434,0.8660254037844386,0.5000000000000001,0.0
2025-02-27,603.0,5173.0,18402.666666666664,1500.0,27.0,9945.999999999998,3420.0,15412.0,134000.03333333333,5214.0,57.0,87195.73333333334,21000.0,63295.0,676562.5,26187.0,76.0,252004.13333333333,2.9924118762446814,0.6507142659914762,0.37247724095458046,0.43388373911755823,-0.900968867902419,0.8660254037844386,0.5000000000000001,0.0
2025-02-28,1496.0,5898.0,56562.666666666664,2401.0,33.0,11776.0,4452.0,19303.0,169998.43333333332,6944.0,59.0,84662.26666666666,19850.0,61624.0,657466.5333333334,25789.0,78.0,238268.86666666667,2.820909668836474,0.49801792291027,0.3624045553446674,-0.433883739117558,-0.9009688679024191,0.8660254037844386,0.5000000000000001,0.0
2025-03-01,319.0,2459.0,12938.666666666668,708.0,26.0,9780.0,4247.0,19966.0,162067.66666666666,6966.0,53.0,80721.66666666666,19167.0,61315.0,635998.4666666667,25252.0,78.0,235554.46666666667,2.8407011601531966,0.49807384981170416,0.370369551205417,-0.9749279121818236,-0.2225209339563146,1.0,6.123233995736766e-17,0.0
2025-03-02,399.0,1617.0,19498.016666666666,556.0,20.0,11226.0,3947.0,20015.0,150882.68333333332,6770.0,51.0,71647.66666666667,19296.0,61392.0,639851.2833333332,25301.0,78.0,239921.93333333332,2.82767026304548,0.4748567899497193,0.3749651514074482,-0.7818314824680299,0.6234898018587334,1.0,6.123233995736766e-17,0.0
2025-03-03,252.0,1230.0,12424.75,403.0,11.0,10122.666666666666,3895.0,20276.0,143618.43333333332,6837.0,50.0,66861.33333333333,19329.0,62301.0,640556.0333333333,25479.0,78.0,247216.6,2.8545943727607197,0.46554841033637046,0.38594063147533125,0.0,1.0,1.0,6.123233995736766e-17,0.0
2025-03-04,7186.0,8310.0,173949.6666666667,7333.0,16.0,5082.0,10700.0,27790.0,308846.10000000003,13779.0,53.0,68539.33333333333,24311.0,67800.0,755453.7000000001,30550.0,79.0,246370.59999999998,2.8250168474722392,0.22192066965823212,0.326122699511565,0.7818314824680298,0.6234898018587336,1.0,6.123233995736766e-17,0.0
2025-03-05,853.0,1684.0,18642.683333333334,894.0,27.0,11612.0,11108.0,26371.0,312419.1166666667,13795.0,53.0,69544.66666666666,23874.0,66813.0,727600.0499999999,30106.0,78.0,247054.59999999998,2.871994077552063,0.22260054829124568,0.3395472553912002,0.9749279121818236,-0.22252093395631434,1.0,6.123233995736766e-17,0.0
2025-03-06,630.0,1918.0,29975.4,709.0,34.0,16930.4,11135.0,23116.0,323991.85,13004.0,55.0,76529.06666666667,23377.0,65256.0,732288.2833333333,29315.0,79.0,255358.99999999997,2.9118339891757268,0.23620676466604537,0.3487137590644231,0.43388373911755823,-0.900968867902419,1.0,6.123233995736766e-17,0.0
2025-03-07,822.0,3368.0,54474.36666666667,1214.0,29.0,37628.86666666667,10461.0,20586.0,321903.55,11817.0,57.0,102381.93333333332,23339.0,66075.0,764214.3166666667,29616.0,80.0,285346.5333333333,2.9546508199445687,0.3180515820137222,0.3733854850795672,-0.433883739117558,-0.9009688679024191,1.0,6.123233995736766e-17,0.0
2025-03-08,489.0,2378.0,22140.75,813.0,25.0,8252.333333333334,10631.0,20505.0,331105.6333333333,11922.0,56.0,100854.26666666666,23344.0,67393.0,765870.4000000001,29886.0,80.0,287976.8666666667,2.980206218486482,0.304598461981267,0.3760125298832108,-0.9749279121818236,-0.2225209339563146,1.0,6.123233995736766e-17,0.0
2025-03-09,3178.0,5977.0,23469.0,3610.0,20.0,5910.0,13410.0,24865.0,335076.6166666667,14976.0,55.0,95538.26666666666,26162.0,72308.0,772863.9333333333,33064.0,80.0,287301.2,2.9959926565047077,0.2851236460994468,0.3717358096410071,-0.7818314824680299,0.6234898018587334,1.0,6.123233995736766e-17,0.0
2025-03-10,509.0,4106.0,52397.833333333336,1265.0,19.0,11746.0,13667.0,27741.0,375049.69999999995,15838.0,57.0,97161.6,26320.0,75832.0,810178.8,33977.0,81.0,297533.2,3.019041270942338,0.2590632654818815,0.36724387258713753,0.0,1.0,1.0,6.123233995736766e-17,1.0
2025-03-11,568.0,2356.0,25451.333333333332,853.0,13.0,5217.333333333333,7049.0,21787.0,226551.36666666667,9358.0,57.0,97296.93333333332,26556.0,77518.0,821528.1333333334,34498.0,81.0,300802.5333333333,3.0262066307800874,0.42946963757005213,0.36615000890210936,0.7818314824680298,0.6234898018587336,1.0,6.123233995736766e-17,0.0
2025-03-12,1139.0,2377.0,32489.333333333332,1247.0,32.0,23051.333333333332,7335.0,22480.0,240398.01666666666,9711.0,61.0,108736.26666666668,27276.0,78434.0,830936.4833333334,35209.0,83.0,311069.8666666667,3.0448117660810015,0.4523176529257279,0.37436058339717865,0.9749279121818236,-0.22252093395631434,1.0,6.123233995736766e-17,0.0
2025-03-13,1986.0,4388.0,45295.83333333333,2360.0,28.0,20293.999999999996,8691.0,24950.0,255718.45,11362.0,56.0,112099.86666666667,28370.0,81083.0,852237.4166666666,36577.0,83.0,327696.0,3.03596228428863,0.43837222799788855,0.38451257078304374,0.43388373911755823,-0.900968867902419,1.0,6.123233995736766e-17,0.0
2025-03-14,998.0,2236.0,38515.66666666667,1105.0,36.0,18898.0,8867.0,23818.0,239759.75,11253.0,55.0,93368.99999999999,28062.0,80941.0,855471.6833333333,36259.0,81.0,341610.0,3.029968031814777,0.38942733298645826,0.39932356225856763,-0.433883739117558,-0.9009688679024191,1.0,6.123233995736766e-17,0.0
2025-03-15,1855.0,3175.0,65317.53333333333,1967.0,37.0,33698.0,10233.0,24615.0,282936.5333333333,12407.0,62.0,118814.66666666667,29000.0,81445.0,896942.9666666667,37056.0,83.0,363986.6666666666,3.066712116171551,0.41993398755150746,0.40580803929971165,-0.9749279121818236,-0.2225209339563146,1.0,6.123233995736766e-17,0.0
2025-03-16,1309.0,2544.0,52687.26666666667,1399.0,35.0,32525.399999999998,8364.0,21182.0,312154.8,10196.0,63.0,145430.06666666665,29706.0,82033.0,936868.5499999999,37679.0,84.0,391440.39999999997,3.0999476173503773,0.4658908550074087,0.4178178464844401,-0.7818314824680299,0.6234898018587334,1.0,6.123233995736766e-17,0.0
2025-03-17,635.0,2240.0,37287.0,900.0,21.0,7443.0,8490.0,19316.0,297043.9666666666,9831.0,63.0,141127.06666666665,30021.0,82821.0,965968.55,38180.0,85.0,392939.39999999997,3.135107262109831,0.47510497604226715,0.40678280881918977,0.0,1.0,1.0,6.123233995736766e-17,0.0
2025-03-18,597.0,1349.0,33675.08333333333,685.0,21.0,6513.333333333333,8519.0,18309.0,305267.7166666667,9663.0,62.0,142423.06666666665,30395.0,81851.0,994357.3833333333,38230.0,85.0,397632.06666666665,3.1447333982090817,0.466551354404055,0.39988848409181116,0.7818314824680298,0.6234898018587336,1.0,6.123233995736766e-17,0.0
2025-03-19,4962.0,5549.0,140704.5833333333,5014.0,33.0,10866.0,12342.0,21481.0,413482.9666666667,13430.0,59.0,130237.73333333334,34232.0,84727.0,1106090.9666666668,41913.0,84.0,400492.73333333334,3.006946536784083,0.314977263472925,0.3620793817169166,0.9749279121818236,-0.22252093395631434,1.0,6.123233995736766e-17,0.0
2025-03-20,741.0,2082.0,50362.33333333333,894.0,34.0,18238.666666666664,11097.0,19175.0,418549.4666666667,11964.0,62.0,128182.4,34343.0,82653.0,1132259.7999999998,41544.0,85.0,404007.06666666665,3.023031410986856,0.3062538844472704,0.356814811111961,0.43388373911755823,-0.900968867902419,1.0,6.123233995736766e-17,0.0
2025-03-21,1827.0,3818.0,111839.73333333334,1961.0,30.0,13510.33333333333,11926.0,20757.0,491873.5333333333,12820.0,63.0,122794.73333333334,35706.0,84464.0,1223535.2666666668,42834.0,85.0,403207.93333333335,2.98576898166021,0.24964696209852316,0.32954336856330363,-0.433883739117558,-0.9009688679024191,1.0,6.123233995736766e-17,0.0
2025-03-22,1789.0,3289.0,114174.98333333334,1843.0,27.0,8358.4,11860.0,20871.0,540730.9833333334,12696.0,60.0,97455.13333333335,36971.0,85957.0,1316840.8166666667,43991.0,86.0,397845.7333333333,2.943900685549279,0.1802284987121908,0.3021213561259473,-0.9749279121818236,-0.2225209339563146,1.0,6.123233995736766e-17,0.0
2025-03-23,1115.0,2199.0,38559.53333333333,1122.0,18.0,12412.533333333333,11666.0,20526.0,526603.25,12419.0,53.0,77342.26666666666,37387.0,86588.0,1324717.3499999999,44361.0,86.0,389958.2666666667,2.917539870171625,0.14687008989531808,0.29437092121324354,-0.7818314824680299,0.6234898018587334,1.0,6.123233995736766e-17,0.0
2025-03-24,1050.0,2980.0,27393.0,1141.0,17.0,21291.666666666668,12081.0,21266.0,516709.25,12660.0,57.0,91190.93333333332,38133.0,88599.0,1332421.3499999999,45166.0,88.0,396340.93333333335,2.96118701189852,0.17648403494486178,0.2974591583460693,0.0,1.0,1.0,6.123233995736766e-17,0.0
2025-03-25,1579.0,2754.0,79270.33333333333,1600.0,18.0,2615.333333333333,13063.0,22671.0,562304.5,13575.0,56.0,87292.93333333333,39331.0,90557.0,1402969.6833333333,46375.0,88.0,395552.26666666666,2.896145365654791,0.15524139204529455,0.2819392830548334,0.7818314824680298,0.6234898018587336,1.0,6.123233995736766e-17,0.0
2025-03-26,1771.0,3514.0,97367.01666666666,1780.0,32.0,25413.0,9872.0,20636.0,518966.9333333333,10341.0,55.0,101839.93333333333,40657.0,90968.0,1485267.0333333332,47277.0,89.0,410358.6,2.851302930414027,0.19623588092446226,0.2762860756957935,0.9749279121818236,-0.22252093395631434,1.0,6.123233995736766e-17,0.0
2025-03-27,1819.0,2282.0,36522.0,1834.0,26.0,12420.666666666666,10950.0,20836.0,505126.6,11281.0,56.0,96021.93333333333,41873.0,88077.0,1503386.3666666667,47611.0,90.0,412833.26666666666,2.829827745094975,0.19009478679866262,0.2746022418588293,0.43388373911755823,-0.900968867902419,1.0,6.123233995736766e-17,0.0
2025-03-28,213.0,730.0,19725.166666666664,231.0,21.0,17701.333333333332,9336.0,17748.0,413012.0333333334,9551.0,57.0,100212.93333333333,40590.0,82909.0,1466548.8666666667,45441.0,91.0,418758.6,2.853101399757024,0.24263925804905923,0.2855401613393221,-0.433883739117558,-0.9009688679024191,1.0,6.123233995736766e-17,0.0
2025-03-29,13.0,21.0,1202.6666666666665,13.0,5.0,762.6666666666666,7560.0,14480.0,300039.7166666667,7721.0,53.0,92617.19999999998,40284.0,80471.0,1454812.8666666667,44746.0,89.0,409741.26666666666,2.8399550289546998,0.3086831337828997,0.2816453415108188,-0.9749279121818236,-0.2225209339563146,1.0,6.123233995736766e-17,0.0
2025-03-30,6186.0,6379.0,41685.35,6213.0,20.0,3277.3333333333335,12631.0,18660.0,303165.5333333333,12812.0,55.0,83482.0,46071.0,85233.0,1477000.2,50403.0,90.0,401792.6,2.8134406715590137,0.27536771440377017,0.27203286770035645,-0.7818314824680299,0.6234898018587334,1.0,6.123233995736766e-17,0.0
2025-03-31,8843.0,9607.0,68960.33333333334,8870.0,19.0,5633.333333333334,20424.0,25287.0,344732.86666666664,20541.0,55.0,67823.66666666666,54662.0,93610.0,1533535.7833333332,58870.0,90.0,397303.26666666666,2.77369221795859,0.19674267592317374,0.2590766195250286,0.0,1.0,1.0,6.123233995736766e-17,0.0
