node_id,start_UTC,end_UTC,requested_GPU_on_node,node_capacity_GPU,active_job_ids,classification
x3101c0s17b0n0,2024-12-15T20:41:22+00:00,2024-12-15T20:44:27+00:00,8.0,4,6342534|6342535,RAW_SOURCE_INFEASIBLE_INTERVAL_GLOBAL_CONFLICT_SET_QUARANTINED
x3101c0s37b0n0,2024-12-15T20:41:22+00:00,2024-12-15T20:44:27+00:00,8.0,4,6342536|6342537,RAW_SOURCE_INFEASIBLE_INTERVAL_GLOBAL_CONFLICT_SET_QUARANTINED
x3104c0s21b0n0,2024-09-24T15:27:34+00:00,2024-09-24T15:27:43+00:00,5.0,4,5615916|5615917|5615918,RAW_SOURCE_INFEASIBLE_INTERVAL_GLOBAL_CONFLICT_SET_QUARANTINED
x3104c0s25b0n0,2024-11-05T10:01:47+00:00,2024-11-05T18:28:53+00:00,5.0,4,5967937|5968169|5968170|5980553,RAW_SOURCE_INFEASIBLE_INTERVAL_GLOBAL_CONFLICT_SET_QUARANTINED
x3104c0s25b0n0,2024-11-05T18:39:21+00:00,2024-11-06T10:02:08+00:00,5.0,4,5968169|5968170|5980553|5981741,RAW_SOURCE_INFEASIBLE_INTERVAL_GLOBAL_CONFLICT_SET_QUARANTINED
x3104c0s25b0n0,2024-11-06T10:11:31+00:00,2024-11-06T17:21:57+00:00,5.0,4,5970315|5970316|5980553|5981741,RAW_SOURCE_INFEASIBLE_INTERVAL_GLOBAL_CONFLICT_SET_QUARANTINED
x3104c0s25b0n0,2024-12-15T20:41:22+00:00,2024-12-15T20:42:07+00:00,8.0,4,6342538|6342539,RAW_SOURCE_INFEASIBLE_INTERVAL_GLOBAL_CONFLICT_SET_QUARANTINED
x3104c0s25b0n0,2024-12-15T20:42:07+00:00,2024-12-15T20:44:27+00:00,10.0,4,6340517|6342538|6342539,RAW_SOURCE_INFEASIBLE_INTERVAL_GLOBAL_CONFLICT_SET_QUARANTINED
x3104c0s41b0n0,2024-12-15T20:41:22+00:00,2024-12-15T20:42:07+00:00,8.0,4,6342540|6342541,RAW_SOURCE_INFEASIBLE_INTERVAL_GLOBAL_CONFLICT_SET_QUARANTINED
x3104c0s41b0n0,2024-12-15T20:42:07+00:00,2024-12-15T20:44:27+00:00,10.0,4,6340536|6342540|6342541,RAW_SOURCE_INFEASIBLE_INTERVAL_GLOBAL_CONFLICT_SET_QUARANTINED
x3106c0s13b0n0,2024-12-15T20:41:25+00:00,2024-12-15T20:42:07+00:00,8.0,4,6342561|6342562,RAW_SOURCE_INFEASIBLE_INTERVAL_GLOBAL_CONFLICT_SET_QUARANTINED
x3106c0s13b0n0,2024-12-15T20:42:07+00:00,2024-12-15T20:44:27+00:00,10.0,4,6341960|6342561|6342562,RAW_SOURCE_INFEASIBLE_INTERVAL_GLOBAL_CONFLICT_SET_QUARANTINED
x3108c0s9b0n0,2024-12-15T20:41:20+00:00,2024-12-15T20:44:27+00:00,8.0,4,6342527|6342529,RAW_SOURCE_INFEASIBLE_INTERVAL_GLOBAL_CONFLICT_SET_QUARANTINED
x3109c0s13b0n0,2024-12-15T20:41:22+00:00,2024-12-15T20:44:27+00:00,8.0,4,6342552|6342553,RAW_SOURCE_INFEASIBLE_INTERVAL_GLOBAL_CONFLICT_SET_QUARANTINED
x3109c0s29b0n0,2024-12-15T20:41:22+00:00,2024-12-15T20:44:27+00:00,8.0,4,6342554|6342556,RAW_SOURCE_INFEASIBLE_INTERVAL_GLOBAL_CONFLICT_SET_QUARANTINED
x3109c0s33b0n0,2024-12-15T20:41:22+00:00,2024-12-15T20:44:27+00:00,8.0,4,6342557|6342558,RAW_SOURCE_INFEASIBLE_INTERVAL_GLOBAL_CONFLICT_SET_QUARANTINED
x3110c0s29b0n0,2024-12-15T20:41:25+00:00,2024-12-15T20:44:27+00:00,8.0,4,6342563|6342564,RAW_SOURCE_INFEASIBLE_INTERVAL_GLOBAL_CONFLICT_SET_QUARANTINED
x3111c0s21b0n0,2024-12-15T20:41:20+00:00,2024-12-15T20:44:27+00:00,8.0,4,6342530|6342531,RAW_SOURCE_INFEASIBLE_INTERVAL_GLOBAL_CONFLICT_SET_QUARANTINED
x3111c0s41b0n0,2024-12-15T20:41:22+00:00,2024-12-15T20:44:27+00:00,8.0,4,6342559|6342560,RAW_SOURCE_INFEASIBLE_INTERVAL_GLOBAL_CONFLICT_SET_QUARANTINED
x3111c0s9b0n0,2024-12-15T20:41:25+00:00,2024-12-15T20:44:27+00:00,8.0,4,6342565|6342566,RAW_SOURCE_INFEASIBLE_INTERVAL_GLOBAL_CONFLICT_SET_QUARANTINED
x3113c0s29b0n0,2024-12-15T20:41:25+00:00,2024-12-15T20:44:27+00:00,8.0,4,6342567|6342568,RAW_SOURCE_INFEASIBLE_INTERVAL_GLOBAL_CONFLICT_SET_QUARANTINED
x3101c0s41b0n0,2024-11-01T17:29:32+00:00,2024-11-01T17:30:10+00:00,5.0,4,5940834|5947395|5947402|5947403,RAW_SOURCE_INFEASIBLE_INTERVAL_GLOBAL_CONFLICT_SET_QUARANTINED
x3100c0s25b0n0,2024-12-15T20:41:22+00:00,2024-12-15T20:44:27+00:00,8.0,4,6342532|6342533,RAW_SOURCE_INFEASIBLE_INTERVAL_GLOBAL_CONFLICT_SET_QUARANTINED
x3108c0s21b0n0,2024-12-15T20:41:22+00:00,2024-12-15T20:44:27+00:00,8.0,4,6342548|6342549,RAW_SOURCE_INFEASIBLE_INTERVAL_GLOBAL_CONFLICT_SET_QUARANTINED
x3107c0s17b0n0,2025-03-19T17:46:27+00:00,2025-03-19T17:46:34+00:00,5.0,4,7539787|7543918|7545385,RAW_SOURCE_INFEASIBLE_INTERVAL_GLOBAL_CONFLICT_SET_QUARANTINED
x3106c0s25b0n0,2024-12-15T20:41:22+00:00,2024-12-15T20:44:27+00:00,8.0,4,6342544|6342545,RAW_SOURCE_INFEASIBLE_INTERVAL_GLOBAL_CONFLICT_SET_QUARANTINED
x3108c0s5b0n0,2024-12-15T20:41:22+00:00,2024-12-15T20:44:27+00:00,8.0,4,6342546|6342547,RAW_SOURCE_INFEASIBLE_INTERVAL_GLOBAL_CONFLICT_SET_QUARANTINED
x3106c0s17b0n0,2024-12-15T20:41:22+00:00,2024-12-15T20:44:27+00:00,8.0,4,6342542|6342543,RAW_SOURCE_INFEASIBLE_INTERVAL_GLOBAL_CONFLICT_SET_QUARANTINED
x3108c0s25b0n0,2024-12-15T20:41:22+00:00,2024-12-15T20:44:27+00:00,8.0,4,6342550|6342551,RAW_SOURCE_INFEASIBLE_INTERVAL_GLOBAL_CONFLICT_SET_QUARANTINED
MULTI_NODE_BIPARTITE_FLOW,2025-01-08T15:43:10+00:00,2025-01-08T15:43:33+00:00,,4,6527291|6527292|6527293,RAW_AMBIGUOUS_SOURCE_INFEASIBLE_INTERVAL_ALL_AMBIGUOUS_ROWS_QUARANTINED
MULTI_NODE_BIPARTITE_FLOW,2025-01-08T15:43:33+00:00,2025-01-08T15:44:38+00:00,,4,6527291|6527292|6527293,RAW_AMBIGUOUS_SOURCE_INFEASIBLE_INTERVAL_ALL_AMBIGUOUS_ROWS_QUARANTINED
MULTI_NODE_BIPARTITE_FLOW,2025-01-08T15:44:49+00:00,2025-01-08T15:44:54+00:00,,4,6527297|6527298|6527300,RAW_AMBIGUOUS_SOURCE_INFEASIBLE_INTERVAL_ALL_AMBIGUOUS_ROWS_QUARANTINED
MULTI_NODE_BIPARTITE_FLOW,2025-01-08T15:44:57+00:00,2025-01-08T15:46:23+00:00,,4,6527301|6527302|6527303,RAW_AMBIGUOUS_SOURCE_INFEASIBLE_INTERVAL_ALL_AMBIGUOUS_ROWS_QUARANTINED
MULTI_NODE_BIPARTITE_FLOW,2025-01-08T15:46:29+00:00,2025-01-08T15:46:31+00:00,,4,6527304|6527305,RAW_AMBIGUOUS_SOURCE_INFEASIBLE_INTERVAL_ALL_AMBIGUOUS_ROWS_QUARANTINED
MULTI_NODE_BIPARTITE_FLOW,2025-01-08T15:46:31+00:00,2025-01-08T15:46:36+00:00,,4,6527304|6527305|6527306,RAW_AMBIGUOUS_SOURCE_INFEASIBLE_INTERVAL_ALL_AMBIGUOUS_ROWS_QUARANTINED
MULTI_NODE_BIPARTITE_FLOW,2025-01-08T15:46:37+00:00,2025-01-08T15:46:44+00:00,,4,6527306|6527307|6527309,RAW_AMBIGUOUS_SOURCE_INFEASIBLE_INTERVAL_ALL_AMBIGUOUS_ROWS_QUARANTINED
MULTI_NODE_BIPARTITE_FLOW,2025-01-08T15:46:48+00:00,2025-01-08T15:46:55+00:00,,4,6527306|6527310|6527311,RAW_AMBIGUOUS_SOURCE_INFEASIBLE_INTERVAL_ALL_AMBIGUOUS_ROWS_QUARANTINED
