fold_id,model,threshold,prevalence,AUPRC,normalized_AP_skill,AUROC,Brier,Brier_skill,log_loss,calibration_slope,calibration_intercept,ECE,recall_at_precision_0_30,precision_at_recall_0_60,training_only_decision_threshold,confusion_matrix
1,H0,P60,0.6333333333333333,0.6333333333333333,0.0,0.5,0.2841733625517409,-0.223713044481181,0.7624372190481091,-0.18255140048670063,0.4766453415844453,0.227927927927928,1.0,0.6333333333333333,0.40540540540540543,"[0, 11, 0, 19]"
1,H1,P60,0.6333333333333333,0.7626947210885504,0.35280378478695573,0.5837320574162679,0.2773790857523141,-0.1944553931917834,0.7614911006595964,0.6174320654122879,0.8251007465224062,0.227791413482698,1.0,0.8,0.16296937589411115,"[0, 11, 0, 19]"
1,H2,P60,0.6333333333333333,0.6980742633789725,0.17656617285174322,0.5406698564593302,0.24901020650039743,-0.07229275526486934,0.6904777199539315,0.4375328176483428,0.5322620081236265,0.12479640658513687,1.0,0.6818181818181818,0.3736002380270666,"[0, 11, 0, 19]"
1,H4,P60,0.6333333333333333,0.7302965437136466,0.26444511921903624,0.5933014354066986,0.23796711718929814,-0.024738782154872352,0.6704751013965902,148.43624843456175,-132.20223690910976,0.17549425958115683,1.0,0.7142857142857143,0.7089303266074364,"[0, 11, 0, 19]"
1,H3,P60,0.6333333333333333,0.7065782455448304,0.19975885148590114,0.4832535885167464,0.28091207477179486,-0.20966922150533684,0.7621418197705567,-0.08051202312977337,0.5359121567053378,0.17539855794038553,1.0,0.6333333333333333,0.20145301122436834,"[0, 11, 0, 19]"
1,H5,P60,0.6333333333333333,0.7133975598388177,0.21835698137859377,0.631578947368421,0.23800276070365242,-0.024892270972665997,0.6705618121912075,0.2717953089405577,0.3037910310232099,0.19243555863698328,1.0,0.7894736842105263,0.7093126177787781,"[0, 11, 0, 19]"
1,H0,P70,0.43333333333333335,0.43333333333333335,0.0,0.5,0.26406135865595315,-0.07536299905139288,0.725575256219424,0.1325901222112719,-0.15413849966321927,0.1360360360360361,1.0,0.43333333333333335,0.2972972972972973,"[0, 17, 0, 13]"
1,H1,P70,0.43333333333333335,0.5097169858134577,0.13479468084727828,0.5158371040723982,0.26942871831217813,-0.09722102480072548,0.742722760455576,0.23367785524575066,-0.048662016349013626,0.17363541293355084,1.0,0.47368421052631576,0.185994846187736,"[0, 17, 0, 13]"
1,H2,P70,0.43333333333333335,0.5432372649838917,0.1939481146774559,0.5565610859728507,0.24999999974968898,-0.018099546491946006,0.6931471800593234,5.195590247528755e-09,-0.26822913966577305,0.13333333244993448,1.0,0.5,0.4999999979739498,"[0, 17, 0, 13]"
1,H4,P70,0.43333333333333335,0.5486658826123709,0.2035280281394781,0.5429864253393666,0.2504290920614607,-0.01984698124576756,0.6940053691569579,98.73697935062494,-1.7657534097909655,0.0704529374240194,1.0,0.5,0.5027546559664114,"[0, 17, 0, 13]"
1,H3,P70,0.43333333333333335,0.4294124855398065,-0.006919143165047401,0.3981900452488688,0.28071897713377225,-0.14319945439092763,0.7635076507583292,-0.8954006385318305,-0.5409022755047481,0.22713999145899874,1.0,0.43333333333333335,0.22850923067812806,"[0, 17, 0, 13]"
1,H5,P70,0.43333333333333335,0.5887726448610402,0.2743046674018356,0.6515837104072397,0.25045837603634286,-0.019966237252075025,0.6940639463166447,-0.003204211919566112,-0.26817685068939806,0.2021614417782685,1.0,0.6,0.5034435056217177,"[0, 17, 0, 13]"
1,H0,P80,0.23333333333333334,0.23333333333333334,0.0,0.5,0.17982712442171897,-0.005244794904019079,0.5460746726192692,0.5665544467060463,-0.4136983435598198,0.03063063063063068,0.0,0.23333333333333334,0.5,"[23, 0, 7, 0]"
1,H1,P80,0.23333333333333334,0.3166256157635468,0.10864210751766976,0.6086956521739131,0.1814876940357147,-0.014527482187224994,0.5476938866172097,0.4449406620074674,-0.5712811745960809,0.09138218487331691,0.8571428571428571,0.3333333333333333,0.16549493761028078,"[9, 14, 1, 6]"
1,H2,P80,0.23333333333333334,0.4556559954157208,0.28998608097702716,0.6211180124223603,0.2105315098580332,-0.17688421659770115,0.6122788301941001,2.0894599822513826,-0.6070366672559134,0.23422696997055978,1.0,0.30434782608695654,0.3895062805131729,"[7, 16, 0, 7]"
1,H4,P80,0.23333333333333334,0.40539894887720973,0.22443341157896923,0.5527950310559007,0.1942362122928087,-0.08579249107781273,0.5790234378079021,170.84314583998795,98.93431362756047,0.12416653778905176,0.5714285714285714,0.2692307692307692,0.3574297729318916,"[14, 9, 3, 4]"
1,H3,P80,0.23333333333333334,0.3394442392341552,0.13840552943585457,0.6677018633540373,0.18989851834858745,-0.06154451250763171,0.5515615434758183,0.44421020584994986,-0.6600962551371572,0.16115111842395033,1.0,0.35714285714285715,0.1066372142144517,"[7, 16, 0, 7]"
1,H5,P80,0.23333333333333334,0.36415181457198265,0.17063280161562955,0.6149068322981366,0.1943058604583331,-0.08618182864906698,0.5791749451602132,0.5191887202076576,-0.8853817376336783,0.18112855451267312,0.8571428571428571,0.3,0.3574093839544839,"[9, 14, 1, 6]"
1,H0,P90,0.2,0.2,0.0,0.5,0.16844411979547108,-0.052775748721693994,0.536452991247062,0.5364704099494337,-0.2542257463437372,0.09189189189189197,0.0,0.2,0.5,"[24, 0, 6, 0]"
1,H1,P90,0.2,0.35823693850009636,0.19779617312512043,0.6597222222222222,0.16943497194640794,-0.058968574665049456,0.5399963470930894,0.8463614863227611,0.5073067690982604,0.12716209800992606,0.6666666666666666,0.3076923076923077,0.09743858892836761,"[15, 9, 2, 4]"
1,H2,P90,0.2,0.24396825396825395,0.05496031746031742,0.5208333333333334,0.17304205248078178,-0.0815128280048858,0.5614605294767697,0.10486940108939863,-1.1678381738364645,0.11536889649273765,0.3333333333333333,0.24,0.22368932297379707,"[20, 4, 4, 2]"
1,H4,P90,0.2,0.3241411094352271,0.15517638679403387,0.4236111111111111,0.16291237173911635,-0.018202323369477025,0.5084985879328257,0.690912800552842,-0.6411413202601017,0.11787397986760717,0.16666666666666666,0.2222222222222222,0.25504649539576996,"[22, 2, 5, 1]"
1,H3,P90,0.2,0.2801767676767677,0.1002209595959596,0.6597222222222222,0.18015625682955572,-0.1259766051847231,0.535098978717516,0.40088337764627163,-0.5383361254427056,0.16267973867039068,1.0,0.375,0.054163931153500364,"[10, 14, 0, 6]"
1,H5,P90,0.2,0.21877610693400168,0.023470133667502086,0.4375,0.16296516712847095,-0.01853229455294314,0.5086378771883592,-208.72866234437572,-226.93737960318217,0.2190069303965497,0.16666666666666666,0.25,0.2540145784424843,"[22, 2, 5, 1]"
1,H0,P95,0.16666666666666666,0.16666666666666666,0.0,0.5,0.15157048940832724,-0.0913075237399561,0.5326033313097221,0.50113738868153,-0.1750881541628997,0.11261261261261263,0.0,0.16666666666666666,0.5,"[25, 0, 5, 0]"
1,H1,P95,0.16666666666666666,0.19685127674258107,0.0362215320910973,0.52,0.15571837763375954,-0.12117231896306868,0.5805410738406362,0.3995619413325983,-0.3045565583260866,0.13989870401109722,0.0,0.21739130434782608,0.5,"[25, 0, 5, 0]"
1,H2,P95,0.16666666666666666,0.31374269005847955,0.17649122807017545,0.6719999999999999,0.14528671023727205,-0.04606431370835873,0.4963081304074548,0.8518356384897167,0.8574710125537882,0.11387547541320586,0.4,0.2631578947368421,0.0925457363798409,"[21, 4, 3, 2]"
1,H4,P95,0.16666666666666666,0.19191813088871912,0.030301757066462952,0.52,0.13905055732482693,-0.0011640127387537724,0.4511207146419977,0.7399769006041457,-0.4877081709551181,0.14131714003876017,0.0,0.23529411764705882,0.5,"[25, 0, 5, 0]"
1,H3,P95,0.16666666666666666,0.1811976911976912,0.01743722943722944,0.512,0.15895826585318493,-0.1444995141429315,0.5675571586780993,0.038618511120014874,-1.4948236863688733,0.16476110422537307,0.0,0.25,0.5,"[25, 0, 5, 0]"
1,H5,P95,0.16666666666666666,0.2484838690721044,0.09818064288652528,0.648,0.13901871512243738,-0.0009347488815489857,0.4510129689676371,0.7405475617705662,-0.4876360740429476,0.1413493315586793,0.0,0.29411764705882354,0.5,"[25, 0, 5, 0]"
2,H0,P60,0.3225806451612903,0.3225806451612903,0.0,0.5,0.22512645543042564,-0.030221541279233488,0.6428903098258694,0.25090600251519074,-0.6442331231469546,0.08126550868486343,1.0,0.3225806451612903,0.40384615384615385,"[0, 21, 0, 10]"
2,H1,P60,0.3225806451612903,0.43949063014280404,0.17258140640128214,0.6428571428571428,0.2279809282848672,-0.0432841527702732,0.6501574058163522,0.39665743287957567,-0.5234498412967491,0.06610605270951402,1.0,0.5,0.035953673604061244,"[0, 21, 0, 10]"
2,H2,P60,0.3225806451612903,0.38960584716978575,0.09894196486968372,0.580952380952381,0.2663740097013052,-0.21897820629978226,1.46960477098186,-0.01404096781961564,-0.7303647406692862,0.18678466990461312,1.0,0.4117647058823529,0.06547457088144358,"[0, 21, 0, 10]"
2,H4,P60,0.3225806451612903,0.4746947415329768,0.22454938035820385,0.7380952380952381,0.29595224265691394,-0.3543338342537823,0.7876860405893248,2.343499050077217,-1.8045927454144308,0.32526529875958754,1.0,0.5882352941176471,0.5713851505395204,"[0, 21, 0, 10]"
2,H3,P60,0.3225806451612903,0.43638250638250636,0.16799322370750938,0.6238095238095238,0.231607248689414,-0.05987888566917543,0.6605821167903148,0.49642289179431676,-0.6353076466138252,0.13463685551538376,1.0,0.4666666666666667,0.14632760656811977,"[0, 21, 0, 10]"
2,H5,P60,0.3225806451612903,0.2696125506834889,-0.07819099661008781,0.3666666666666667,0.29999444004978465,-0.3728316994659193,0.7949266161833757,-238.17150667503202,102.35916035282668,0.27386268760476795,1.0,0.36,0.6054787039756775,"[0, 21, 0, 10]"
2,H0,P70,0.22580645161290322,0.22580645161290322,0.0,0.5,0.18004091906852449,-0.029876923957452783,0.5473284146588756,0.6085302620915533,-0.7105080239658913,0.07227047146401996,0.0,0.22580645161290322,0.5,"[24, 0, 7, 0]"
2,H1,P70,0.22580645161290322,0.33843537414965985,0.14547902494331066,0.6964285714285714,0.19812548661563134,-0.1333249561763199,0.5693280587613347,0.29341590656399513,-0.9343071883165867,0.19818473693479463,1.0,0.4166666666666667,0.21336352896186983,"[8, 16, 0, 7]"
2,H2,P70,0.22580645161290322,0.41612554112554107,0.24582882395382388,0.7619047619047619,0.18397202231323245,-0.05236377049414531,0.5347066727197576,8.47684584948876,-0.5059574035562366,0.2374368330087162,1.0,0.5,0.3019075327692373,"[8, 16, 0, 7]"
2,H4,P70,0.22580645161290322,0.21390006294915626,-0.015379085357339829,0.4345238095238095,0.2103199291843794,-0.20308007110826565,0.6122673661284407,-1.7246482035811792,-1.9665216756479675,0.2136034587981504,0.8571428571428571,0.3,0.3828799231904159,"[10, 14, 1, 6]"
2,H3,P70,0.22580645161290322,0.27632498453927024,0.06525310502989073,0.5833333333333333,0.199984461193617,-0.14395873337539267,0.577486207774719,0.29320994835156755,-0.9959963993614617,0.16986153349547609,0.8571428571428571,0.3333333333333333,0.2446913177408924,"[10, 14, 1, 6]"
2,H5,P70,0.22580645161290322,0.34426489894203294,0.1530088278001259,0.6964285714285714,0.1950103269717663,-0.11550550130873471,0.5809255392190639,-85.5095856810758,-47.652123909188276,0.15398167271477053,1.0,0.3684210526315789,0.36727400561102286,"[10, 14, 0, 7]"
2,H0,P80,0.22580645161290322,0.22580645161290322,0.0,0.5,0.17538831360946747,-0.0032629129684420555,0.5358802007161367,0.5861915482966714,-0.4265327496473027,0.023883374689826348,0.0,0.22580645161290322,0.5,"[24, 0, 7, 0]"
2,H1,P80,0.22580645161290322,0.2895572263993317,0.08234475076580343,0.6071428571428572,0.18156810185555014,-0.03861277311418876,0.5377838081415649,0.5135768677539362,-0.4304943704996032,0.09536477043391747,1.0,0.35,0.1447323251861925,"[8, 16, 0, 7]"
2,H2,P80,0.22580645161290322,0.2936547113017701,0.08763733543145308,0.636904761904762,0.17817949505586905,-0.019229135408870057,0.5143733106011852,5.094646946734286,-0.5033895228463714,0.22245032054451225,1.0,0.3888888888888889,0.22175150669332128,"[8, 16, 0, 7]"
2,H4,P80,0.22580645161290322,0.4534342469125078,0.29401923559532256,0.5892857142857142,0.1706165987728678,0.024032432019488237,0.52291777947335,6.492813984289411,6.397299973531625,0.14440246525731248,0.42857142857142855,0.2692307692307692,0.24135501548635238,"[17, 7, 4, 3]"
2,H3,P80,0.22580645161290322,0.20605404447768982,-0.02551352588298397,0.36904761904761907,0.2123787586175573,-0.21485706566352736,0.6676728549903372,-0.5834801270467324,-2.2548182077521957,0.15184501493427385,0.0,0.2413793103448276,0.5,"[23, 1, 7, 0]"
2,H5,P80,0.22580645161290322,0.20779449918569065,-0.023265438551816234,0.4107142857142857,0.17495892681183925,-0.000806718251056715,0.5345659160689539,-339.96819478774654,-425.9177071527027,0.08945689673779753,0.0,0.2727272727272727,0.5,"[24, 0, 7, 0]"
2,H0,P90,0.12903225806451613,0.12903225806451613,0.0,0.5,0.11292410288222943,-0.004815396942800643,0.3872371118403599,0.7335670306728421,-0.343638799320387,0.023263027295285316,0.0,0.12903225806451613,0.5,"[27, 0, 4, 0]"
2,H1,P90,0.12903225806451613,0.14142728616412825,0.014231328558813924,0.4444444444444445,0.12021650318263448,-0.06970425517140488,0.41399685622838545,-0.2178456674191059,-2.412556479682963,0.10289524928985445,0.0,0.15789473684210525,0.5,"[27, 0, 4, 0]"
2,H2,P90,0.12903225806451613,0.24203574203574202,0.12974474085585194,0.6759259259259259,0.11292319671886793,-0.0048073337669636285,0.37418763100204966,0.35915454991331636,-0.669174816189924,0.07992796761110595,0.25,0.23076923076923078,0.2104627051586537,"[25, 2, 3, 1]"
2,H4,P90,0.12903225806451613,0.45739348370927313,0.377007333147684,0.7592592592592592,0.1087954193251011,0.03192224100535035,0.36937068680307994,4.593667600903111,6.636252978802166,0.09666843861005534,0.75,0.3333333333333333,0.14277221352763098,"[20, 7, 1, 3]"
2,H3,P90,0.12903225806451613,0.1564512882447665,0.03148110872547266,0.47685185185185186,0.12595880222757153,-0.12080008278422438,0.44435748624237736,-0.1331196185162139,-2.248799651672225,0.15652914638150964,0.0,0.14814814814814814,0.5,"[27, 0, 4, 0]"
2,H5,P90,0.12903225806451613,0.2517857142857143,0.14093915343915345,0.6203703703703703,0.11241417729336066,-0.0002780035085148125,0.38467867367724695,0.796723961480125,-0.4284825337616173,0.13503378283440784,0.5,0.21428571428571427,0.13500493573264713,"[23, 4, 2, 2]"
2,H0,P95,0.0967741935483871,0.0967741935483871,0.0,0.5,0.08893634281351402,-0.017474112426035582,0.32973387299749596,0.7087963867331737,-0.25375716836710405,0.03908188585607939,0.0,0.0967741935483871,0.5,"[28, 0, 3, 0]"
2,H1,P95,0.0967741935483871,0.09031339031339032,-0.007153032153032142,0.30952380952380953,0.09732355304108282,-0.1134277913390549,0.3889043124746922,-1.1127618709042073,-5.721702315448274,0.1263153820087441,0.0,0.11538461538461539,0.5,"[28, 0, 3, 0]"
2,H2,P95,0.0967741935483871,0.17678571428571427,0.08858418367346937,0.6547619047619048,0.09209625205509714,-0.05362497886843287,0.3508595716756497,0.3378590830408263,-0.7380528689791357,0.08484972213622681,0.0,0.1875,0.5,"[28, 0, 3, 0]"
2,H4,P95,0.0967741935483871,0.17500000000000002,0.08660714285714288,0.6785714285714285,0.08719722699275094,0.002422200713884992,0.31479707877367347,2.2981622032373035,3.5583699879380903,0.11212576357599235,0.0,0.2,0.5,"[28, 0, 3, 0]"
2,H3,P95,0.0967741935483871,0.09601139601139602,-0.00084452584452583,0.3630952380952381,0.09578963238751514,-0.09587900862383414,0.3880293706167676,-0.7176484867942724,-4.48949395759216,0.12087188753821003,0.0,0.1111111111111111,0.5,"[28, 0, 3, 0]"
2,H5,P95,0.0967741935483871,0.10790598290598291,0.012324481074481083,0.38095238095238093,0.087639956394792,-0.0026428344689894967,0.3193982121205376,0.7887827672818133,-0.32643118906167123,0.057314795344689015,0.0,0.11538461538461539,0.5,"[28, 0, 3, 0]"
3,H0,P60,0.7096774193548387,0.7096774193548387,0.0,0.5,0.30193548387096775,-0.46545454545454557,0.7985750553266237,-0.3112447860052888,0.7676244112062627,0.30967741935483856,1.0,0.7096774193548387,0.4,"[0, 9, 0, 22]"
3,H1,P60,0.7096774193548387,0.7290515535941007,0.06673312904634666,0.4848484848484848,0.2588193402699049,-0.2561888181786798,0.7150060440091458,-0.42222267629000604,0.9837827963337478,0.25017706717159444,1.0,0.7096774193548387,0.2904838903330869,"[0, 9, 0, 22]"
3,H2,P60,0.7096774193548387,0.6962943641498047,-0.04609719015067275,0.46969696969696967,0.27286742922305646,-0.32437171456241054,0.7460807498217642,0.47740018524970634,1.0207514380786187,0.25079623075268376,1.0,0.75,0.05189712730179962,"[0, 9, 0, 22]"
3,H4,P60,0.7096774193548387,0.804776643086583,0.3275639928537859,0.6363636363636365,0.2194288298967735,-0.06500558348888563,0.6313766884255934,285.45862945345635,-106.76707745283936,0.19127903656967926,1.0,0.8260869565217391,0.5920049372567894,"[0, 9, 0, 22]"
3,H3,P60,0.7096774193548387,0.6829984913745258,-0.09189408526552224,0.4242424242424243,0.3429988664771668,-0.6647571246694814,0.9053732664257732,-0.4522989887099275,0.7285790683663853,0.29246979273598006,1.0,0.7142857142857143,0.15614681271529549,"[0, 9, 0, 22]"
3,H5,P60,0.7096774193548387,0.862745691733005,0.5272351604136837,0.696969696969697,0.1980700470467324,0.038660024182273545,0.5886796260964845,0.7820498135412187,0.5492630980682534,0.09386605563617889,1.0,0.875,0.15916326642036438,"[0, 9, 0, 22]"
3,H0,P70,0.5483870967741935,0.5483870967741935,0.0,0.5,0.3075286517102526,-0.24174384156954942,0.8169892272850977,-0.09539425381473822,0.11497125405495358,0.24468339307048975,1.0,0.5483870967741935,0.3037037037037037,"[0, 14, 0, 17]"
3,H1,P70,0.5483870967741935,0.5335068032591354,-0.032949221354771616,0.4117647058823529,0.29084015734625124,-0.17435878659557735,0.7807396376362936,-0.9091291534665938,-0.21113902960023836,0.24209935504678298,1.0,0.5517241379310345,0.25115419159296687,"[0, 14, 0, 17]"
3,H2,P70,0.5483870967741935,0.5994547767940592,0.11307843432970266,0.48319327731092443,0.26285549597683616,-0.06136189762075439,0.7385935365997082,0.18875130764720574,0.24717245685567432,0.16017280423463404,1.0,0.6190476190476191,0.049207139669128076,"[0, 14, 0, 17]"
3,H4,P70,0.5483870967741935,0.708995435000685,0.35563274893008817,0.5630252100840336,0.2858114729855608,-0.15405388881984838,0.7676147602922456,39.73483008079558,24.304051711990272,0.20535185339519274,1.0,0.5714285714285714,0.3505689210923254,"[0, 14, 0, 17]"
3,H3,P70,0.5483870967741935,0.5128078599492936,-0.07878259582656415,0.35294117647058826,0.3675855556667731,-0.48424251678894503,1.006704014372707,-0.8194453208776069,-0.7431070163312895,0.3057021999210095,1.0,0.5483870967741935,0.10771323631880977,"[0, 14, 0, 17]"
3,H5,P70,0.5483870967741935,0.736441056189718,0.41640519584866137,0.6596638655462185,0.2500421053498911,-0.009623795131282753,0.6965252700447058,0.719584893103536,0.35947928953413744,0.11898923950090343,1.0,0.6521739130434783,0.1525932769351943,"[0, 14, 0, 17]"
3,H0,P80,0.3548387096774194,0.3548387096774194,0.0,0.5,0.2529032258064517,-0.10472727272727322,0.715054453647074,0.2836519327963793,-0.20461163810480273,0.15483870967741928,1.0,0.3548387096774194,0.2,"[0, 20, 0, 11]"
3,H1,P80,0.3548387096774194,0.4171778413157724,0.0966256540394472,0.5363636363636364,0.23880511291138834,-0.043144152308382644,0.6777879519254921,0.16950215670764293,-0.42685795175476765,0.10735669030163413,1.0,0.4666666666666667,0.14547661379231594,"[0, 20, 0, 11]"
3,H2,P80,0.3548387096774194,0.44810892905120414,0.1445688400293664,0.5318181818181819,0.29754712016510126,-0.2997399203575559,1.5772295384478714,0.05275032916318736,-0.35898409437232115,0.26727836600728727,1.0,0.42857142857142855,1e-06,"[0, 20, 0, 11]"
3,H4,P80,0.3548387096774194,0.5027939284343459,0.2293305890732361,0.5681818181818182,0.2500396794527245,-0.09221878160940111,0.7062607151731163,0.28771455595726236,-0.21587408099599706,0.31045721346768457,1.0,0.47058823529411764,0.20774341349749434,"[0, 20, 0, 11]"
3,H3,P80,0.3548387096774194,0.4818331104427361,0.1968413211862409,0.6545454545454545,0.2651024484822707,-0.158015695415737,0.7857098187503901,0.5205879175532409,0.40525518079619227,0.2030020781419517,1.0,0.5,0.04039368188009208,"[0, 20, 0, 11]"
3,H5,P80,0.3548387096774194,0.40822073820607546,0.08274214421941695,0.5318181818181817,0.23156953178171064,-0.011537818373745123,0.6592855188461785,0.18807371164293163,-0.4562316571044286,0.11315920494128287,1.0,0.38461538461538464,0.1462944854645287,"[0, 20, 0, 11]"
3,H0,P90,0.16129032258064516,0.16129032258064516,0.0,0.5,0.1385919730961547,-0.02451450881080519,0.45734442896773403,0.6292725986667802,-0.2917712370756899,0.0575866188769415,0.0,0.16129032258064516,0.5,"[26, 0, 5, 0]"
3,H1,P90,0.16129032258064516,0.4086996336996337,0.29498802479571706,0.6307692307692307,0.13764140194194832,-0.01748759435547953,0.4537457258787293,1.8695197659564373,2.5738752605131863,0.10469927360660172,0.6,0.375,0.10651356484216006,"[19, 7, 2, 3]"
3,H2,P90,0.16129032258064516,0.35035330261136716,0.22542124542124545,0.5038461538461539,0.15038400302511978,-0.11168482236261634,1.2746965663310306,-0.047668165585179334,-1.9930345478137526,0.13334382382159357,0.2,0.19047619047619047,0.15766834274561686,"[24, 2, 4, 1]"
3,H4,P90,0.16129032258064516,0.3401731601731602,0.21328338328338328,0.49230769230769234,0.1366502708952903,-0.010160848695184521,0.44765187713628063,0.6687598202482234,-0.3422167878774398,0.0873932060473239,0.2,0.19047619047619047,0.12478303257176375,"[24, 2, 4, 1]"
3,H3,P90,0.16129032258064516,0.46263736263736266,0.3592983939137786,0.8538461538461538,0.14308818822374153,-0.0577519144847356,0.4733462168001741,1.2795640324276336,2.08984676363619,0.1412926833400497,1.0,0.5,0.03478873043647016,"[15, 11, 0, 5]"
3,H5,P90,0.16129032258064516,0.12343633069439522,-0.04513360571052877,0.24615384615384617,0.1570118509224424,-0.1606799133574397,0.5553598483180916,-0.7615112726007195,-2.9307965700628085,0.1594211511453007,0.0,0.16129032258064516,0.5,"[26, 0, 5, 0]"
3,H0,P95,0.12903225806451613,0.12903225806451613,0.0,0.5,0.11833974954644015,-0.05300462327897204,0.42822775514646444,0.587513135962544,-0.20216412962565752,0.0771804062126643,0.0,0.12903225806451613,0.5,"[27, 0, 4, 0]"
3,H1,P95,0.12903225806451613,0.16382918552036202,0.03995202781967491,0.5277777777777778,0.11694577776167714,-0.04060085582381223,0.41074403035276985,0.027061847510136953,-1.8395402815199438,0.12582804750802667,0.0,0.17647058823529413,0.5,"[27, 0, 4, 0]"
3,H2,P95,0.12903225806451613,0.2301747311827957,0.11612654320987653,0.46296296296296297,0.14684767929722048,-0.3066724055984156,0.9748383811191096,-0.08228183754013503,-2.413490600978762,0.1032569722605922,0.25,0.12903225806451613,0.09532446425435151,"[25, 2, 3, 1]"
3,H4,P95,0.12903225806451613,0.17063492063492064,0.04776601998824222,0.5740740740740741,0.11545795101520066,-0.02736195301488742,0.4032602277773524,0.6522116460553727,-0.25747117128966746,0.11867789487638396,0.0,0.21428571428571427,0.5,"[27, 0, 4, 0]"
3,H3,P95,0.12903225806451613,0.21149774138904573,0.09468259196520065,0.5787037037037037,0.12043205387561876,-0.071622257171015,0.46946598158569564,0.36992111886520496,-0.6286419795042598,0.10829034718146062,0.0,0.17391304347826086,0.5,"[27, 0, 4, 0]"
3,H5,P95,0.12903225806451613,0.11401311502117953,-0.017244201271979055,0.3148148148148148,0.12178680029576261,-0.08367699152062835,0.4603331926902753,-0.6996099293363295,-3.803620621910216,0.12104856582638912,0.0,0.12903225806451613,0.5,"[27, 0, 4, 0]"
4,H0,P60,0.32142857142857145,0.32142857142857145,0.0,0.5,0.22391286315658504,-0.026594647454752263,0.6403761379275589,0.2647719988721338,-0.6372136544913851,0.07616179001721146,1.0,0.32142857142857145,0.39759036144578314,"[0, 19, 0, 9]"
4,H1,P60,0.32142857142857145,0.7038349077822763,0.5635461798896703,0.7485380116959064,0.20547652625958987,0.05793218369872266,0.601423014152045,2.5465132963611246,-0.18094658589923404,0.16183975624455926,1.0,0.5384615384615384,0.29915992177684997,"[0, 19, 0, 9]"
4,H2,P60,0.32142857142857145,0.5060121923165402,0.2720179676243749,0.5614035087719299,0.24999999894996497,-0.14619882559516095,0.6931471784598752,1.7540407099588943e-08,-0.7472204534468478,0.1800000025449739,1.0,0.3333333333333333,0.49999996851220163,"[0, 19, 0, 9]"
4,H4,P60,0.32142857142857145,0.26821548726919575,-0.07841928191907997,0.34502923976608185,0.3820935370243802,-0.7518206609772751,0.9838638036603825,-2.0135761323625427,1.186330129536625,0.39693537885381974,1.0,0.34782608695652173,0.6600973986950511,"[0, 19, 0, 9]"
4,H3,P60,0.32142857142857145,0.5003065117131613,0.26360959620886926,0.5730994152046783,0.22132570276618715,-0.01473304660053043,0.6329724580047488,0.5590493690849319,-0.4897699107204796,0.12261927868710279,1.0,0.36,0.1249239481833204,"[0, 19, 0, 9]"
4,H5,P60,0.32142857142857145,0.31442144600039335,-0.010326290104683526,0.46783625730994155,0.36588017152919416,-0.6774856987069484,0.9423651071671127,-4.833868557194947,3.4690073954719525,0.37199324448903404,1.0,0.38095238095238093,0.6922479271888733,"[0, 19, 0, 9]"
4,H0,P70,0.25,0.25,0.0,0.5,0.19012193351720133,-0.013983645425073687,0.5687893936697331,0.5412456329406612,-0.6431403575297928,0.05120481927710857,0.0,0.25,0.5,"[21, 0, 7, 0]"
4,H1,P70,0.25,0.5434121016827784,0.3912161355770379,0.7210884353741497,0.17854317908594472,0.047769711541628124,0.5415313175046927,3.0608205118277834,1.1760838031718053,0.12349049404128457,0.8571428571428571,0.625,0.269560589330836,"[7, 14, 1, 6]"
4,H2,P70,0.25,0.2773786519438693,0.03650486925849239,0.4285714285714285,0.2499999995094347,-0.333333330716985,0.6931471795788148,-6.951878533225251e-09,-1.0982178690178606,0.25333333587914797,0.42857142857142855,0.25925925925925924,0.5000000003715469,"[14, 7, 4, 3]"
4,H4,P70,0.25,0.21774273345701917,-0.04300968872397445,0.346938775510204,0.26497578466324917,-0.41320418487066224,0.7231629462263215,-6.983655356473986,-0.6075093020589992,0.26677792156347396,0.0,0.25,0.5,"[2, 19, 1, 6]"
4,H3,P70,0.25,0.5149092970521543,0.353212396069539,0.5782312925170068,0.1922955688488735,-0.025576367193991922,0.5862660350848978,0.30783291376523986,-0.7643412971448497,0.13868081076579855,0.7142857142857143,0.35714285714285715,0.18651236972569485,"[10, 11, 2, 5]"
4,H5,P70,0.25,0.21887194491323098,-0.04150407344902537,0.3741496598639456,0.253244332448083,-0.3506364397231092,0.6996368337915937,-26.81391837036722,-0.6155639010789233,0.32976057268631626,0.0,0.29411764705882354,0.5,"[3, 18, 1, 6]"
4,H0,P80,0.14285714285714285,0.14285714285714285,0.0,0.5,0.12557804367210662,-0.025554023322204023,0.42075888395697153,0.8486551079797923,-0.608860702084483,0.05593803786574861,0.0,0.14285714285714285,0.5,"[24, 0, 4, 0]"
4,H1,P80,0.14285714285714285,0.40401785714285715,0.3046875,0.5625,0.12528473237498847,-0.023158647729072612,0.4216274135174533,0.6266014449140173,-0.940183103529017,0.08142731023775936,0.25,0.1875,0.2657599932252108,"[22, 2, 3, 1]"
4,H2,P80,0.14285714285714285,0.21866096866096865,0.0884377967711301,0.34375,0.24750658079476368,-1.0213037431572367,0.6876442163365235,-2.482119761074889,-2.054992103989507,0.3430836488017507,0.25,0.14814814814814814,0.504495039944252,"[22, 2, 3, 1]"
4,H4,P80,0.14285714285714285,0.11977732793522267,-0.02692645074224021,0.27083333333333337,0.17823838984105692,-0.4556135170352982,0.5467858129124856,-4.982479294028215,-4.79309996164428,0.22607779747386533,0.0,0.15384615384615385,0.5,"[24, 0, 4, 0]"
4,H3,P80,0.14285714285714285,0.1365909090909091,-0.007310606060606044,0.3645833333333333,0.14254384378530469,-0.16410805757998825,0.46738044901210307,-0.7862933011285664,-3.195555209839337,0.10754656577546969,0.0,0.16,0.5,"[24, 0, 4, 0]"
4,H5,P80,0.14285714285714285,0.12919254658385093,-0.015942028985507235,0.33333333333333337,0.16846064990248327,-0.37576197420361335,0.5259987852057103,-32.37355470138995,-20.955199655429258,0.2211019393710152,0.0,0.17391304347826086,0.5,"[24, 0, 4, 0]"
4,H0,P90,0.07142857142857142,0.07142857142857142,0.0,0.5,0.06728635713248866,-0.014471230612906005,0.2630938368317442,0.9746240554152402,-0.448983974168485,0.030981067125645398,0.0,0.07142857142857142,0.5,"[26, 0, 2, 0]"
4,H1,P90,0.07142857142857142,0.5357142857142857,0.5,0.5,0.06654800098381278,-0.0033390917559463773,0.2682670036089915,-0.27923447716002875,-3.1981837090601593,0.08068886590838541,0.5,0.07142857142857142,0.14913245736424072,"[24, 2, 1, 1]"
4,H2,P90,0.07142857142857142,0.28846153846153844,0.23372781065088755,0.5192307692307692,0.14762177813396465,-1.2256821934043902,0.5408073535614667,-0.2278996612129044,-2.981696968513059,0.2748810010365764,0.5,0.07692307692307693,0.5020998908240291,"[24, 2, 1, 1]"
4,H4,P90,0.07142857142857142,0.06335282651072124,-0.008696956065377117,0.17307692307692307,0.10392684066023536,-0.56689698226201,0.38052348287392906,-5.791921444540107,-9.177422667935852,0.18058601430381938,0.0,0.07407407407407407,0.5,"[26, 0, 2, 0]"
4,H3,P90,0.07142857142857142,0.07393483709273183,0.002699055330634278,0.2884615384615385,0.07610737524766276,-0.1474650421955308,0.319906799558321,-1.0787155308227474,-5.922856937607735,0.13954981670588368,0.0,0.09523809523809523,0.5,"[26, 0, 2, 0]"
4,H5,P90,0.07142857142857142,0.09401709401709402,0.024326101249178174,0.3846153846153846,0.09938343367953358,-0.4983963847068138,0.3692808364179229,-15.072319066226092,-19.434118542687532,0.17637162501600004,0.0,0.07692307692307693,0.5,"[26, 0, 2, 0]"
4,H0,P95,0.03571428571428571,0.03571428571428571,0.0,0.5,0.03478112104182651,-0.009940699881184845,0.1578498840086669,1.0271206286838335,-0.3592561851258837,0.018502581755593807,0.0,0.03571428571428571,0.5,"[27, 0, 1, 0]"
4,H1,P95,0.03571428571428571,0.09090909090909091,0.05723905723905724,0.6296296296296297,0.034877683910392324,-0.01274459947213269,0.15723109783315695,1.0382010395017223,-0.36294749047805736,0.07158897465399439,0.0,0.09090909090909091,0.5,"[27, 0, 1, 0]"
4,H2,P95,0.03571428571428571,0.04,0.004444444444444447,0.11111111111111116,0.25921224043508523,-6.52675542596692,0.7119116062899673,-10.80085380168136,-3.2881203005970665,0.47410471738569243,0.0,0.04,0.5,"[13, 14, 1, 0]"
4,H4,P95,0.03571428571428571,0.041666666666666664,0.006172839506172839,0.14814814814814814,0.051776120243887426,-0.5034251211558425,0.24008201511381047,-5.526536649601194,-12.516152653349007,0.13925985273439595,0.0,0.041666666666666664,0.5,"[27, 0, 1, 0]"
4,H3,P95,0.03571428571428571,0.3333333333333333,0.30864197530864196,0.9259259259259259,0.034248361941472814,0.005529045847604053,0.13628955838381002,1.106090855262538,0.4502550429197947,0.032745488969053424,1.0,0.3333333333333333,0.052440938329454775,"[25, 2, 0, 1]"
4,H5,P95,0.03571428571428571,0.0625,0.02777777777777778,0.4444444444444444,0.051081406240222935,-0.48325268490128837,0.2378697963062943,-21.6209168209841,-38.80311753397676,0.13251069122940282,0.0,0.0625,0.5,"[27, 0, 1, 0]"
5,H0,P60,0.4838709677419355,0.4838709677419355,0.0,0.5,0.25643258513639994,-0.026798809650334876,0.7063073378360472,0.02212809461726577,-0.055754941069820534,0.08180911207183217,1.0,0.4838709677419355,0.4020618556701031,"[0, 16, 0, 15]"
5,H1,P60,0.4838709677419355,0.5575342644049738,0.14272263728463666,0.5666666666666667,0.24522735163012044,0.01806881284772599,0.6790990424750555,0.647203295963666,0.016766668488563424,0.15988643095732186,1.0,0.6,0.10450337617972626,"[0, 16, 0, 15]"
5,H2,P60,0.4838709677419355,0.645551579479747,0.3132561852420097,0.6166666666666667,0.23658997635260617,0.052654303021439364,0.6624362446584963,1.7874414144828454,-0.04026332242807439,0.17870766039838246,1.0,0.55,0.14192255772508053,"[0, 16, 0, 15]"
5,H4,P60,0.4838709677419355,0.5591866427106919,0.14592412025196544,0.5583333333333333,0.251471431894559,-0.006933525211129998,0.696118534428502,8.865791890753796,2.2248016269634685,0.15335991840847454,1.0,0.5555555555555556,0.424713555041475,"[0, 16, 0, 15]"
5,H3,P60,0.4838709677419355,0.6800579245316087,0.3801122287799919,0.7541666666666667,0.2054534102952333,0.17733030294283658,0.6002154374512114,2.1650735529007177,-0.5530554804983053,0.1679185848443774,1.0,0.75,0.23096860783020912,"[0, 16, 0, 15]"
5,H5,P60,0.4838709677419355,0.5895234945080146,0.2047017706092782,0.5958333333333333,0.24692052783928137,0.011289053110210778,0.6859586878612967,5.000763927792848,1.4803782408923805,0.14719233285813105,1.0,0.5789473684210527,0.24302373826503754,"[0, 16, 0, 15]"
5,H0,P70,0.3870967741935484,0.3870967741935484,0.0,0.5,0.24501935346733905,-0.03273508193909147,0.6850917411426178,0.22679331802331426,-0.2661231811832275,0.08812770202859987,1.0,0.3870967741935484,0.29896907216494845,"[0, 19, 0, 12]"
5,H1,P70,0.3870967741935484,0.5016909911746869,0.18696951191659436,0.5833333333333333,0.23050831174692082,0.02842768601407497,0.6481625910751665,0.8789346756685478,0.07355536015397326,0.14092423716659833,1.0,0.48,0.11910430356651594,"[0, 19, 0, 12]"
5,H2,P70,0.3870967741935484,0.3724849252993269,-0.02384038503794027,0.4868421052631579,0.241702534089634,-0.018754979211132783,0.6740701826920801,2.0678486501025612,-0.3682104776501442,0.22867857884718096,1.0,0.47619047619047616,0.1479526008000728,"[0, 19, 0, 12]"
5,H4,P70,0.3870967741935484,0.5571495208707853,0.27745448142075496,0.6228070175438596,0.2740413425387831,-0.15506022008671305,0.7655504271611195,10.111660160037626,14.09232931613165,0.2115508241093645,1.0,0.5714285714285714,0.18257537990029807,"[0, 19, 0, 12]"
5,H3,P70,0.3870967741935484,0.6262210012210012,0.39015005462373886,0.7543859649122808,0.19523359317595337,0.1771075305171439,0.5719420971338764,1.8416889664179499,-0.41268873715842436,0.13668046776148235,1.0,0.625,0.09339280527892128,"[0, 19, 0, 12]"
5,H5,P70,0.3870967741935484,0.6375799924712968,0.4086831456110632,0.7412280701754386,0.26861222372789945,-0.13217696053733063,0.7484309447778849,16.904285366673925,22.98488815785176,0.2746915036204654,1.0,0.5714285714285714,0.15905803905988325,"[0, 19, 0, 12]"
5,H0,P80,0.3225806451612903,0.3225806451612903,0.0,0.5,0.23329670631070462,-0.06761016554565291,0.6695502907858881,0.3524878373285077,-0.2554512538101623,0.12154971732623865,1.0,0.3225806451612903,0.20103092783505155,"[0, 21, 0, 10]"
5,H1,P80,0.3225806451612903,0.43087762479066827,0.15986696992908173,0.5476190476190477,0.22655665827334948,-0.036766421908042135,0.6508688562155689,0.5721723897594637,-0.021055893049017404,0.10812629201836518,1.0,0.4,0.0663693469408531,"[0, 21, 0, 10]"
5,H2,P80,0.3225806451612903,0.33400967906866275,0.016871431006121207,0.5238095238095238,0.24040591162702646,-0.1001432432074878,0.6696710045114855,1.563891827959848,-0.6624145488528242,0.15591675357173346,1.0,0.42857142857142855,0.06700004681100821,"[0, 21, 0, 10]"
5,H4,P80,0.3225806451612903,0.504107565589768,0.2679683111087051,0.5428571428571428,0.27376544245637796,-0.2528028104789486,0.8492758661562082,2.9068864286652163,6.145608820837799,0.2606663354703579,1.0,0.46153846153846156,0.07499124990465662,"[0, 21, 0, 10]"
5,H3,P80,0.3225806451612903,0.443910377062551,0.1791057947113848,0.580952380952381,0.21921159921116656,-0.0031540325806240777,0.6281130410170344,0.552312597247662,-0.20662585933355745,0.20225578136808312,1.0,0.4,0.10318752172204351,"[0, 21, 0, 10]"
5,H5,P80,0.3225806451612903,0.5190601065601066,0.29004110968396685,0.7904761904761904,0.27163977264776445,-0.24307534054524593,0.8346429524432136,12.715217636325121,28.660352272620397,0.3124438101149168,1.0,0.625,0.08313339574910442,"[0, 21, 0, 10]"
5,H0,P90,0.12903225806451613,0.12903225806451613,0.0,0.5,0.11305579078370398,-0.005987175399440048,0.3879413147727395,0.7273088603226675,-0.336199916518405,0.025939474559361436,0.0,0.12903225806451613,0.5,"[27, 0, 4, 0]"
5,H1,P90,0.12903225806451613,0.12243254964198716,-0.007577443003644368,0.3425925925925926,0.1170592088390076,-0.041610182354502756,0.4138475046114579,-4.059471707989347,-11.79647757855401,0.12130973048401536,0.0,0.13043478260869565,0.5,"[27, 0, 4, 0]"
5,H2,P90,0.12903225806451613,0.12892720306513408,-0.00012061870299419712,0.33333333333333337,0.2177529440537283,-0.9375979558854899,0.6276882241544377,-0.6882386525946335,-2.2545599815753175,0.30832020026920237,0.0,0.13793103448275862,0.5,"[24, 3, 4, 0]"
5,H4,P90,0.12903225806451613,0.4392446633825944,0.35616979869853427,0.6666666666666666,0.12037442355683402,-0.07110945405664348,0.45247612639197937,5.988645332721466,17.60304016264047,0.1200943360623401,0.75,0.3333333333333333,0.03808637141152888,"[20, 7, 1, 3]"
5,H3,P90,0.12903225806451613,0.1491938616938617,0.023148507870730105,0.5,0.11966723346454794,-0.0648167718465793,0.4296821218017302,-0.6785514587956065,-3.7522759189960353,0.1285528127851106,0.0,0.18181818181818182,0.5,"[27, 0, 4, 0]"
5,H5,P90,0.12903225806451613,0.3875,0.2967592592592593,0.8611111111111112,0.12007626719880861,-0.06845641461162111,0.4471585289606147,2.015127342071307,4.52989185062475,0.13797520378975064,1.0,0.5,0.040334275784788896,"[18, 9, 0, 4]"
5,H0,P95,0.0,0.0,0.0,0.5,0.0026570305027101707,-2657029.5027101706,0.05292240145434256,0.0,-13.815509557963773,0.051546391752577345,0.0,0.0,0.5,"[31, 0, 0, 0]"
5,H1,P95,0.0,0.0,0.0,0.5,0.004544284238411015,-4544283.238411015,0.06375235815610457,0.0,-13.815509557963773,0.062011946452229114,0.0,0.0,0.5,"[31, 0, 0, 0]"
5,H2,P95,0.0,0.0,0.0,0.5,0.24079056317236378,-240790562.17236376,0.6704033028274317,0.0,-13.815509557963773,0.4865574381334888,0.0,0.0,0.5,"[15, 16, 0, 0]"
5,H4,P95,0.0,0.0,0.0,0.5,0.00023717672337949302,-237175.723379493,0.015484426061985353,0.0,-13.815509557963773,0.015412062810089772,0.0,0.0,0.5,"[31, 0, 0, 0]"
5,H3,P95,0.0,0.0,0.0,0.5,0.0020813352135523183,-2081334.2135523183,0.03532580261244488,0.0,-13.815509557963773,0.035217095338858265,0.0,0.0,0.5,"[31, 0, 0, 0]"
5,H5,P95,0.0,0.0,0.0,0.5,0.00013892552090324694,-138924.52090324694,0.011707158201467265,0.0,-13.815509557963773,0.01167510801779706,0.0,0.0,0.5,"[31, 0, 0, 0]"
